nationality,position,age,games,games_starts,minutes,minutes_90s,goals,assists,goals_assists,goals_pens,pens_made,pens_att,cards_yellow,cards_red,goals_per90,assists_per90,goals_assists_per90,goals_pens_per90,goals_assists_pens_per90,matches,player,team_name
ro ROU,GK,24-327,31,31,"2,790",31,0,0,0,0,0,0,2,0,0,0,0,0,0,Matches,Stefan Târnovanu,FCSB
cm CMR,DF,28-357,27,26,"2,324",25.8,1,0,1,1,0,0,10,2,0.04,0,0.04,0.04,0.04,Matches,Joyskim Dawa,FCSB
ro ROU,MF,25-336,24,23,"2,016",22.4,1,5,6,1,0,0,6,1,0.04,0.22,0.27,0.04,0.27,Matches,Adrian Șut,FCSB
ro ROU,DF,36-089,29,22,"2,093",23.3,1,3,4,1,0,0,5,0,0.04,0.13,0.17,0.04,0.17,Matches,Valentin Crețu,FCSB
me MNE,DF,32-332,24,20,"1,915",21.3,1,6,7,1,0,1,6,0,0.05,0.28,0.33,0.05,0.33,Matches,Risto Radunović,FCSB
ro ROU,"MF,FW",30-092,21,17,"1,458",16.2,4,2,6,2,2,2,5,1,0.25,0.12,0.37,0.12,0.25,Matches,Florin Tănase,FCSB
ro ROU,"MF,FW",26-230,24,17,"1,188",13.2,1,3,4,1,0,0,0,0,0.08,0.23,0.3,0.08,0.3,Matches,Marius Ştefănescu,FCSB
ro ROU,DF,31-329,18,16,"1,431",15.9,0,1,1,0,0,0,2,1,0,0.06,0.06,0,0.06,Matches,Mihai Popescu,FCSB
za RSA,DF,27-260,17,16,"1,304",14.5,1,0,1,1,0,0,5,1,0.07,0,0.07,0.07,0.07,Matches,Siyabonga Ngezana,FCSB
ro ROU,FW,24-347,18,15,"1,340",14.9,11,1,12,11,0,0,3,0,0.74,0.07,0.81,0.74,0.81,Matches,Daniel Birligea,FCSB
ro ROU,"MF,FW",23-334,31,14,"1,492",16.6,5,1,6,5,0,0,2,0,0.3,0.06,0.36,0.3,0.36,Matches,David Miculescu,FCSB
ro ROU,MF,27-029,16,14,"1,175",13.1,8,3,11,6,2,3,3,1,0.61,0.23,0.84,0.46,0.69,Matches,Darius Olaru,FCSB
ro ROU,"MF,FW",31-200,25,14,"1,163",12.9,3,2,5,3,0,1,1,0,0.23,0.15,0.39,0.23,0.39,Matches,Alexandru Băluță,FCSB
ro ROU,"MF,DF",35-138,18,13,"1,229",13.7,0,0,0,0,0,0,5,0,0,0,0,0,0,Matches,Vlad Chiricheș,FCSB
fr FRA,MF,28-175,21,9,835,9.3,0,0,0,0,0,0,3,0,0,0,0,0,0,Matches,Malcolm Edjouma,FCSB
gh GHA,MF,25-088,23,8,"1,017",11.3,2,0,2,2,0,0,4,1,0.18,0,0.18,0.18,0.18,Matches,Baba Alhassan,FCSB
ro ROU,"FW,MF",30-261,15,8,665,7.4,0,1,1,0,0,0,1,0,0,0.14,0.14,0,0.14,Matches,Daniel Popa,FCSB
ro ROU,"MF,FW",22-095,11,8,621,6.9,2,1,3,2,0,0,2,0,0.29,0.14,0.43,0.29,0.43,Matches,Octavian-George Popescu,FCSB
ro ROU,DF,29-010,8,8,611,6.8,0,0,0,0,0,0,0,0,0,0,0,0,0,Matches,Ionuț Panțîru,FCSB
ro ROU,"MF,FW",20-258,20,7,932,10.4,3,1,4,3,0,0,1,0,0.29,0.1,0.39,0.29,0.39,Matches,Alexandru Musi,FCSB
it ITA,MF,31-331,9,7,647,7.2,1,2,3,1,0,0,3,0,0.14,0.28,0.42,0.14,0.42,Matches,Juri Cisotti,FCSB
ro ROU,"MF,FW",22-259,7,7,374,4.2,0,0,0,0,0,0,1,0,0,0,0,0,0,Matches,Andrei Gheorghiță,FCSB
ro ROU,DF,21-202,8,6,407,4.5,0,0,0,0,0,0,1,0,0,0,0,0,0,Matches,Alexandru Pantea,FCSB
ro ROU,MF,23-300,7,6,383,4.3,1,0,1,1,0,0,0,0,0.23,0,0.23,0.23,0.23,Matches,Mihai Lixandru,FCSB
ro ROU,"FW,MF",18-043,10,5,552,6.1,0,1,1,0,0,0,1,0,0,0.16,0.16,0,0.16,Matches,Mihai Toma,FCSB
bj BEN,DF,31-127,4,4,354,3.9,0,0,0,0,0,0,0,0,0,0,0,0,0,Matches,David Kiki,FCSB
gh GHA,DF,24-234,4,3,245,2.7,0,0,0,0,0,0,1,0,0,0,0,0,0,Matches,Nana Kwame Antwi,FCSB
be BEL,MF,28-053,9,2,280,3.1,0,0,0,0,0,0,1,0,0,0,0,0,0,Matches,William Baeten,FCSB
fr FRA,FW,32-207,5,2,183,2,1,0,1,1,0,0,2,0,0.49,0,0.49,0.49,0.49,Matches,Jordan Gele,FCSB
br BRA,MF,24-048,7,2,183,2,0,0,0,0,0,0,0,0,0,0,0,0,0,Matches,Luis Phelipe,FCSB
ro ROU,DF,26-035,1,1,90,1,0,0,0,0,0,0,0,0,0,0,0,0,0,Matches,Denis Haruț,FCSB
ro ROU,GK,25-351,1,1,90,1,0,0,0,0,0,0,0,0,0,0,0,0,0,Matches,Andrei Vlad,FCSB
ro ROU,FW,17-107,1,0,45,0.5,0,0,0,0,0,0,0,0,0,0,0,0,0,Matches,Alexandru Stoian,FCSB
ro ROU,MF,21-266,1,0,41,0.5,0,0,0,0,0,0,0,0,0,0,0,0,0,Matches,Andrei Pandele,FCSB
ro ROU,MF,18-138,0,0,,,,,,,,,,,,,,,,Matches,Ionuț Cercel,FCSB
ro ROU,FW,18-090,0,0,,,,,,,,,,,,,,,,Matches,Denis Colibasanu,FCSB
ro ROU,DF,16-071,0,0,,,,,,,,,,,,,,,,Matches,Andrei Dăncuș,FCSB
ro ROU,FW,17-319,0,0,,,,,,,,,,,,,,,,Matches,Robert Necsulescu,FCSB
ro ROU,FW,18-019,0,0,,,,,,,,,,,,,,,,Matches,David Popa,FCSB
ro ROU,GK,23-255,0,0,,,,,,,,,,,,,,,,Matches,Mihai Udrea,FCSB
cz CZE,GK,31-082,0,0,,,,,,,,,,,,,,,,Matches,Lukáš Zima,FCSB
br BRA,DF,26-224,27,26,"2,334",25.9,1,1,2,1,0,0,5,0,0.04,0.04,0.08,0.04,0.08,Matches,Bolgado,CFR-Cluj
hr CRO,MF,34-348,27,26,"2,137",23.7,2,1,3,2,0,0,4,0,0.08,0.04,0.13,0.08,0.13,Matches,Damjan Đoković,CFR-Cluj
ro ROU,FW,22-289,27,25,"2,156",24,20,2,22,16,4,6,4,0,0.83,0.08,0.92,0.67,0.75,Matches,Louis Munteanu,CFR-Cluj
ro ROU,DF,22-111,24,22,"2,025",22.5,1,0,1,1,0,0,4,0,0.04,0,0.04,0.04,0.04,Matches,Matei Ilie,CFR-Cluj
pt POR,DF,24-109,25,22,"1,982",22,1,5,6,1,0,0,6,0,0.05,0.23,0.27,0.05,0.27,Matches,Simão Rocha,CFR-Cluj
ro ROU,MF,23-291,27,22,"1,896",21.1,2,2,4,2,0,0,3,0,0.09,0.09,0.19,0.09,0.19,Matches,Alin Fica,CFR-Cluj
ro ROU,GK,22-239,19,19,"1,710",19,0,0,0,0,0,0,2,0,0,0,0,0,0,Matches,Otto Hindrich,CFR-Cluj
ro ROU,"MF,FW",30-000,28,18,"1,549",17.2,3,5,8,3,0,0,1,0,0.17,0.29,0.46,0.17,0.46,Matches,Alexandru Păun,CFR-Cluj
xk KVX,"MF,FW",28-107,31,17,"1,787",19.9,6,4,10,6,0,0,3,0,0.3,0.2,0.5,0.3,0.5,Matches,Meriton Korenica,CFR-Cluj
ro ROU,DF,38-142,19,17,"1,445",16.1,0,2,2,0,0,0,0,0,0,0.12,0.12,0,0.12,Matches,Camora,CFR-Cluj
lr LBR,"FW,MF",27-152,23,17,"1,298",14.4,7,1,8,6,1,1,12,2,0.49,0.07,0.55,0.42,0.49,Matches,Kesselly Kamara,CFR-Cluj
md MDA,"FW,MF",25-015,25,16,"1,332",14.8,4,2,6,4,0,0,2,0,0.27,0.14,0.41,0.27,0.41,Matches,Virgiliu Postolachi,CFR-Cluj
,"FW,MF",28-146,21,12,"1,110",12.3,2,6,8,2,0,0,1,0,0.16,0.49,0.65,0.16,0.65,Matches,Béni NKololo,CFR-Cluj
mr MTN,DF,27-111,16,12,"1,096",12.2,0,0,0,0,0,0,0,0,0,0,0,0,0,Matches,Aly Abeid,CFR-Cluj
ro ROU,"FW,MF",39-044,15,12,905,10.1,2,2,4,1,1,1,0,0,0.2,0.2,0.4,0.1,0.3,Matches,Ciprian Deac,CFR-Cluj
ba BIH,DF,31-236,14,10,899,10,0,1,1,0,0,0,2,0,0,0.1,0.1,0,0.1,Matches,Daniel Graovac,CFR-Cluj
gr GRE,MF,34-045,15,9,843,9.4,2,1,3,2,0,0,2,0,0.21,0.11,0.32,0.21,0.32,Matches,Panagiotis Tachtsidis,CFR-Cluj
ci CIV,MF,24-146,13,9,796,8.8,0,1,1,0,0,0,1,0,0,0.11,0.11,0,0.11,Matches,Kader Keita,CFR-Cluj
ro ROU,DF,32-152,15,8,859,9.5,0,1,1,0,0,0,2,0,0,0.1,0.1,0,0.1,Matches,Vasile Mogos,CFR-Cluj
ro ROU,GK,24-171,8,8,720,8,0,0,0,0,0,0,0,0,0,0,0,0,0,Matches,Mihai Popa,CFR-Cluj
ro ROU,MF,31-230,15,5,510,5.7,0,0,0,0,0,0,0,0,0,0,0,0,0,Matches,Andrei Artean,CFR-Cluj
ro ROU,GK,22-284,5,5,450,5,0,0,0,0,0,0,0,0,0,0,0,0,0,Matches,Razvan Sava,CFR-Cluj
si SVN,DF,31-034,5,4,389,4.3,0,0,0,0,0,0,1,0,0,0,0,0,0,Matches,Matija Boben,CFR-Cluj
ng NGA,FW,26-326,13,3,265,2.9,2,1,3,2,0,0,1,0,0.68,0.34,1.02,0.68,1.02,Matches,Peter Godly Michael,CFR-Cluj
xk KVX,DF,32-173,4,3,226,2.5,0,0,0,0,0,0,0,0,0,0,0,0,0,Matches,Armend Thaqi,CFR-Cluj
hr CRO,DF,29-062,3,2,195,2.2,0,0,0,0,0,0,1,0,0,0,0,0,0,Matches,Anton Krešić,CFR-Cluj
ro ROU,FW,24-347,5,1,165,1.8,2,2,4,2,0,0,1,0,1.09,1.09,2.18,1.09,2.18,Matches,Daniel Birligea,CFR-Cluj
al ALB,DF,31-188,1,1,88,1,0,0,0,0,0,0,1,0,0,0,0,0,0,Matches,Arlind Ajeti,CFR-Cluj
ro ROU,DF,24-153,1,1,45,0.5,0,0,0,0,0,0,0,0,0,0,0,0,0,Matches,Flavius Iacob,CFR-Cluj
xk KVX,MF,22-115,6,0,200,2.2,0,0,0,0,0,0,2,0,0,0,0,0,0,Matches,Lindon Emërllahu,CFR-Cluj
ba BIH,FW,26-133,6,0,75,0.8,0,0,0,0,0,0,0,0,0,0,0,0,0,Matches,Stipe Juric,CFR-Cluj
ro ROU,MF,20-113,4,0,40,0.4,0,0,0,0,0,0,0,0,0,0,0,0,0,Matches,Andres Sfait,CFR-Cluj
ro ROU,MF,23-090,4,0,37,0.4,1,0,1,1,0,0,1,0,2.43,0,2.43,2.43,2.43,Matches,Robert Filip,CFR-Cluj
hr CRO,MF,29-074,2,0,23,0.3,0,0,0,0,0,0,0,0,0,0,0,0,0,Matches,Karlo Muhar,CFR-Cluj
sn SEN,MF,29-331,3,0,20,0.2,0,1,1,0,0,0,0,0,0,4.5,4.5,0,4.5,Matches,Moustapha Name,CFR-Cluj
ro ROU,DF,25-004,1,0,12,0.1,0,0,0,0,0,0,0,0,0,0,0,0,0,Matches,Mircea Ţîrlea,CFR-Cluj
ro ROU,GK,24-066,0,0,,,,,,,,,,,,,,,,Matches,Rareș Gal,CFR-Cluj
ro ROU,MF,18-183,0,0,,,,,,,,,,,,,,,,Matches,Razvan Gligor,CFR-Cluj
,MF,,0,0,,,,,,,,,,,,,,,,Matches,Viktor Kun,CFR-Cluj
ro ROU,MF,21-113,0,0,,,,,,,,,,,,,,,,Matches,Tudor Lucaci,CFR-Cluj
ro ROU,DF,32-224,0,0,,,,,,,,,,,,,,,,Matches,Andrei Peteleu,CFR-Cluj
ro ROU,GK,20-199,0,0,,,,,,,,,,,,,,,,Matches,Mihai Pînzariu,CFR-Cluj
ro ROU,GK,17-274,0,0,,,,,,,,,,,,,,,,Matches,Mihai Răcășan,CFR-Cluj
gm GAM,"DF,MF",28-256,0,0,,,,,,,,,,,,,,,,Matches,Sheriff Sinyan,CFR-Cluj
ro ROU,GK,28-074,32,32,"2,880",32,0,0,0,0,0,0,3,0,0,0,0,0,0,Matches,Laurențiu Popescu,CS-Universitatea-Craiova
hn HON,DF,26-311,29,28,"2,477",27.5,4,1,5,4,0,0,6,0,0.15,0.04,0.18,0.15,0.18,Matches,Denil Maldonado,CS-Universitatea-Craiova
ro ROU,DF,32-196,28,26,"2,385",26.5,1,4,5,1,0,0,7,0,0.04,0.15,0.19,0.04,0.19,Matches,Nicușor Bancu,CS-Universitatea-Craiova
ro ROU,"MF,FW",22-092,30,26,"2,031",22.6,10,3,13,10,0,0,5,0,0.44,0.13,0.58,0.44,0.58,Matches,Stefan Baiaram,CS-Universitatea-Craiova
ro ROU,"MF,FW",30-053,29,24,"2,298",25.5,14,7,21,10,4,5,9,0,0.55,0.27,0.82,0.39,0.67,Matches,Alexandru Mitriță,CS-Universitatea-Craiova
jp JPN,MF,26-305,26,23,"1,925",21.4,1,2,3,1,0,0,5,0,0.05,0.09,0.14,0.05,0.14,Matches,Takuto Oshima,CS-Universitatea-Craiova
cr CRC,"DF,MF",24-015,26,18,"1,608",17.9,1,2,3,1,0,0,1,0,0.06,0.11,0.17,0.06,0.17,Matches,Carlos Mora,CS-Universitatea-Craiova
ro ROU,"MF,DF",25-079,23,18,"1,601",17.8,0,1,1,0,0,0,4,0,0,0.06,0.06,0,0.06,Matches,Vladimir Screciu,CS-Universitatea-Craiova
ge GEO,MF,23-301,21,15,"1,365",15.2,3,1,4,3,0,0,1,0,0.2,0.07,0.26,0.2,0.26,Matches,Anzor Mekvabishvili,CS-Universitatea-Craiova
fr FRA,MF,29-073,24,14,"1,294",14.4,1,3,4,0,1,2,3,0,0.07,0.21,0.28,0,0.21,Matches,Lyes Houri,CS-Universitatea-Craiova
hr CRO,DF,21-221,17,14,"1,239",13.8,0,1,1,0,0,0,1,0,0,0.07,0.07,0,0.07,Matches,Juraj Badelj,CS-Universitatea-Craiova
cu CUB,"MF,FW",28-071,17,14,930,10.3,3,1,4,3,0,0,6,0,0.29,0.1,0.39,0.29,0.39,Matches,Luis Javier Paradela,CS-Universitatea-Craiova
mk MKD,DF,30-051,14,12,"1,134",12.6,1,0,1,1,0,0,0,0,0.08,0,0.08,0.08,0.08,Matches,Gjoko Zajkov,CS-Universitatea-Craiova
ro ROU,DF,26-095,17,12,"1,023",11.4,0,1,1,0,0,0,6,1,0,0.09,0.09,0,0.09,Matches,Ștefan Vlădoiu,CS-Universitatea-Craiova
ba BIH,FW,29-268,18,11,"1,013",11.3,3,0,3,2,1,1,3,0,0.27,0,0.27,0.18,0.18,Matches,Elvir Koljić,CS-Universitatea-Craiova
ro ROU,"MF,DF",29-107,18,10,917,10.2,1,0,1,1,0,0,2,0,0.1,0,0.1,0.1,0.1,Matches,Mihai Căpățînă,CS-Universitatea-Craiova
br BRA,FW,30-016,9,9,751,8.3,1,3,4,1,0,0,3,0,0.12,0.36,0.48,0.12,0.48,Matches,Safira,CS-Universitatea-Craiova
ro ROU,MF,27-268,13,8,750,8.3,3,0,3,2,1,1,2,0,0.36,0,0.36,0.24,0.24,Matches,Alexandru Cicâldău,CS-Universitatea-Craiova
ro ROU,"MF,FW",28-088,16,8,709,7.9,0,2,2,0,0,0,1,0,0,0.25,0.25,0,0.25,Matches,Andrei Ivan,CS-Universitatea-Craiova
ba BIH,FW,26-125,20,7,790,8.8,2,0,2,2,0,0,1,0,0.23,0,0.23,0.23,0.23,Matches,Jovo Lukić,CS-Universitatea-Craiova
es ESP,DF,32-028,8,7,587,6.5,0,0,0,0,0,0,1,0,0,0,0,0,0,Matches,Grego Sierra,CS-Universitatea-Craiova
ro ROU,MF,20-155,23,5,643,7.1,1,2,3,1,0,0,1,0,0.14,0.28,0.42,0.14,0.42,Matches,Stefan Bana,CS-Universitatea-Craiova
gq EQG,DF,26-075,10,5,424,4.7,0,1,1,0,0,0,2,0,0,0.21,0.21,0,0.21,Matches,Basilio Owono,CS-Universitatea-Craiova
ro ROU,MF,32-343,5,2,257,2.9,0,1,1,0,0,0,3,1,0,0.35,0.35,0,0.35,Matches,Alexandru Crețu,CS-Universitatea-Craiova
es ESP,DF,25-361,3,2,194,2.2,0,0,0,0,0,0,0,0,0,0,0,0,0,Matches,Iago López,CS-Universitatea-Craiova
ro ROU,DF,32-153,3,1,86,1,0,0,0,0,0,0,0,0,0,0,0,0,0,Matches,Vasile Mogos,CS-Universitatea-Craiova
ro ROU,MF,22-343,1,1,59,0.7,0,0,0,0,0,0,0,0,0,0,0,0,0,Matches,Marian Danciu,CS-Universitatea-Craiova
ro ROU,FW,18-280,11,0,259,2.9,0,1,1,0,0,0,0,0,0,0.35,0.35,0,0.35,Matches,David Barbu,CS-Universitatea-Craiova
ro ROU,DF,19-252,0,0,,,,,,,,,,,,,,,,Matches,Denis Benga,CS-Universitatea-Craiova
ro ROU,DF,17-189,0,0,,,,,,,,,,,,,,,,Matches,Florin Gaspar,CS-Universitatea-Craiova
ro ROU,MF,18-145,0,0,,,,,,,,,,,,,,,,Matches,Robert Lăpădătescu,CS-Universitatea-Craiova
ro ROU,GK,33-237,0,0,,,,,,,,,,,,,,,,Matches,David Lazar,CS-Universitatea-Craiova
ro ROU,GK,35-302,0,0,,,,,,,,,,,,,,,,Matches,Silviu Lung Jr.,CS-Universitatea-Craiova
ro ROU,FW,24-010,0,0,,,,,,,,,,,,,,,,Matches,Jovan Marković,CS-Universitatea-Craiova
ro ROU,FW,16-219,0,0,,,,,,,,,,,,,,,,Matches,Mihai Ninaci,CS-Universitatea-Craiova
it ITA,DF,19-335,0,0,,,,,,,,,,,,,,,,Matches,Marcus Pacurar,CS-Universitatea-Craiova
ro ROU,GK,29-032,0,0,,,,,,,,,,,,,,,,Matches,Relu Stoian,CS-Universitatea-Craiova
ro ROU,"MF,FW",36-330,32,31,"2,715",30.2,10,6,16,2,8,9,4,0,0.33,0.2,0.53,0.07,0.27,Matches,Dan Nistor,Universitatea-Cluj
ro ROU,DF,35-318,30,30,"2,700",30,0,2,2,0,0,0,9,0,0,0.07,0.07,0,0.07,Matches,Alexandru Chipciu,Universitatea-Cluj
ro ROU,MF,31-037,30,30,"2,439",27.1,1,3,4,1,0,0,6,0,0.04,0.11,0.15,0.04,0.15,Matches,Ovidiu Bic,Universitatea-Cluj
lt LTU,GK,28-304,28,28,"2,520",28,0,0,0,0,0,0,5,0,0,0,0,0,0,Matches,Edvinas Gertmonas,Universitatea-Cluj
ar ARG,DF,30-059,28,28,"2,507",27.9,5,1,6,5,0,0,7,0,0.18,0.04,0.22,0.18,0.22,Matches,Lucas Masoero,Universitatea-Cluj
sn SEN,"FW,MF",30-012,30,28,"2,371",26.3,8,4,12,8,0,0,5,0,0.3,0.15,0.46,0.3,0.46,Matches,Mamadou Thiam,Universitatea-Cluj
ro ROU,DF,30-258,27,26,"2,244",24.9,2,0,2,2,0,0,6,1,0.08,0,0.08,0.08,0.08,Matches,Iulian Cristea,Universitatea-Cluj
ro ROU,DF,25-342,27,22,"1,927",21.4,1,2,3,1,0,0,7,0,0.05,0.09,0.14,0.05,0.14,Matches,Radu Boboc,Universitatea-Cluj
ro ROU,MF,26-314,28,21,"1,808",20.1,0,1,1,0,0,0,5,0,0,0.05,0.05,0,0.05,Matches,Gabriel Simion,Universitatea-Cluj
ro ROU,FW,23-079,29,20,"1,816",20.2,11,3,14,11,0,0,5,0,0.55,0.15,0.69,0.55,0.69,Matches,Vladislav Blanuta,Universitatea-Cluj
ro ROU,MF,31-033,18,12,"1,010",11.2,1,0,1,1,0,0,5,0,0.09,0,0.09,0.09,0.09,Matches,Ovidiu Popescu,Universitatea-Cluj
ch SUI,DF,26-113,12,11,893,9.9,0,1,1,0,0,0,1,0,0,0.1,0.1,0,0.1,Matches,Jasper van der Werff,Universitatea-Cluj
md MDA,MF,31-331,21,10,933,10.4,0,1,1,0,0,0,4,0,0,0.1,0.1,0,0.1,Matches,Vadim Rață,Universitatea-Cluj
ro ROU,MF,31-230,11,10,913,10.1,0,0,0,0,0,0,3,0,0,0,0,0,0,Matches,Andrei Artean,Universitatea-Cluj
ro ROU,DF,27-364,19,9,814,9,0,0,0,0,0,0,3,0,0,0,0,0,0,Matches,Dorinel Oancea,Universitatea-Cluj
ro ROU,"MF,FW",22-364,16,7,621,6.9,0,0,0,0,0,0,2,0,0,0,0,0,0,Matches,Robert Silaghi,Universitatea-Cluj
pt POR,"FW,MF",29-030,7,5,361,4,1,0,1,1,0,0,2,0,0.25,0,0.25,0.25,0.25,Matches,Hildeberto Pereira,Universitatea-Cluj
ro ROU,GK,20-134,4,4,360,4,0,0,0,0,0,0,0,0,0,0,0,0,0,Matches,Ştefan Lefter,Universitatea-Cluj
ro ROU,MF,27-030,6,4,234,2.6,0,0,0,0,0,0,0,0,0,0,0,0,0,Matches,Răzvan Oaidă,Universitatea-Cluj
am ARM,FW,29-095,17,3,539,6,3,0,3,3,0,0,1,0,0.5,0,0.5,0.5,0.5,Matches,Artur Miranyan,Universitatea-Cluj
tn TUN,FW,28-063,14,2,463,5.1,0,0,0,0,0,0,0,0,0,0,0,0,0,Matches,Adel Bettaieb,Universitatea-Cluj
ro ROU,MF,27-292,20,2,401,4.5,0,0,0,0,0,0,1,0,0,0,0,0,0,Matches,Dorin Codrea,Universitatea-Cluj
cm CMR,FW,25-329,8,2,216,2.4,0,0,0,0,0,0,0,0,0,0,0,0,0,Matches,Franck Tchassem,Universitatea-Cluj
ci CIV,"MF,FW",26-095,2,2,170,1.9,0,0,0,0,0,0,0,0,0,0,0,0,0,Matches,Issouf Macalou,Universitatea-Cluj
ro ROU,MF,17-001,5,2,140,1.6,0,0,0,0,0,0,0,0,0,0,0,0,0,Matches,Alexandru Bota,Universitatea-Cluj
es ESP,DF,31-033,3,2,136,1.5,0,0,0,0,0,0,3,0,0,0,0,0,0,Matches,Daniel Lasure,Universitatea-Cluj
sk SVK,FW,28-031,3,1,160,1.8,1,0,1,1,0,0,0,0,0.56,0,0.56,0.56,0.56,Matches,Andrej Fábry,Universitatea-Cluj
ro ROU,DF,37-184,13,0,190,2.1,0,0,0,0,0,0,0,0,0,0,0,0,0,Matches,Bogdan Mitrea,Universitatea-Cluj
ro ROU,MF,19-244,2,0,27,0.3,0,0,0,0,0,0,0,0,0,0,0,0,0,Matches,Matei Moraru,Universitatea-Cluj
ro ROU,FW,20-080,1,0,10,0.1,0,0,0,0,0,0,0,0,0,0,0,0,0,Matches,Mario Șfaiț,Universitatea-Cluj
ro ROU,MF,22-269,1,0,5,0.1,0,0,0,0,0,0,0,0,0,0,0,0,0,Matches,Vlad Stefan,Universitatea-Cluj
ro ROU,GK,23-242,0,0,,,,,,,,,,,,,,,,Matches,Andrei Gorcea,Universitatea-Cluj
ro ROU,GK,20-058,0,0,,,,,,,,,,,,,,,,Matches,Patrik Kis,Universitatea-Cluj
ro ROU,GK,20-156,0,0,,,,,,,,,,,,,,,,Matches,Denis Moldovan,Universitatea-Cluj
ro ROU,MF,18-085,0,0,,,,,,,,,,,,,,,,Matches,Ștefan Opriș,Universitatea-Cluj
ro ROU,MF,18-104,0,0,,,,,,,,,,,,,,,,Matches,Antonio Suciu,Universitatea-Cluj
fr FRA,MF,31-138,31,31,"2,786",31,2,1,3,2,0,0,3,0,0.06,0.03,0.1,0.06,0.1,Matches,Eddy Gnahoré,Dinamo-Bucuresti
ro ROU,MF,22-121,31,31,"2,452",27.2,7,1,8,7,0,0,5,0,0.26,0.04,0.29,0.26,0.29,Matches,Cătălin Cîrjan,Dinamo-Bucuresti
xk KVX,FW,27-201,30,30,"2,646",29.4,12,6,18,6,6,6,10,0,0.41,0.2,0.61,0.2,0.41,Matches,Astrit Seljmani,Dinamo-Bucuresti
bg BUL,"MF,FW",33-041,31,28,"2,107",23.4,0,3,3,0,0,0,3,0,0,0.13,0.13,0,0.13,Matches,Georgi Milanov,Dinamo-Bucuresti
ro ROU,DF,27-087,27,26,"2,264",25.2,1,0,1,1,0,0,7,2,0.04,0,0.04,0.04,0.04,Matches,Raul Oprut,Dinamo-Bucuresti
tg TOG,DF,28-123,25,25,"2,233",24.8,2,2,4,2,0,0,6,0,0.08,0.08,0.16,0.08,0.16,Matches,Kennedy Boateng,Dinamo-Bucuresti
fr FRA,DF,27-000,26,24,"1,653",18.4,0,1,1,0,0,0,3,2,0,0.05,0.05,0,0.05,Matches,Maxime Sivis,Dinamo-Bucuresti
tg TOG,DF,27-140,24,22,"1,946",21.6,1,0,1,1,0,0,6,1,0.05,0,0.05,0.05,0.05,Matches,Josué Homawoo,Dinamo-Bucuresti
dk DEN,MF,30-343,22,22,"1,930",21.4,1,0,1,1,0,0,9,0,0.05,0,0.05,0.05,0.05,Matches,Patrick Olsen,Dinamo-Bucuresti
ro ROU,"FW,MF",25-027,23,19,"1,542",17.1,6,2,8,5,1,1,4,0,0.35,0.12,0.47,0.29,0.41,Matches,Dennis Politic,Dinamo-Bucuresti
ro ROU,GK,21-140,17,16,"1,486",16.5,0,0,0,0,0,0,0,0,0,0,0,0,0,Matches,Alexandru Roșca,Dinamo-Bucuresti
si SVN,GK,29-253,16,16,"1,394",15.5,0,0,0,0,0,0,3,0,0,0,0,0,0,Matches,Adnan Golubović,Dinamo-Bucuresti
mg MAD,"FW,MF",27-082,23,14,"1,250",13.9,4,4,8,4,0,0,1,0,0.29,0.29,0.58,0.29,0.58,Matches,Hakim Abdallah,Dinamo-Bucuresti
ro ROU,DF,26-288,26,10,"1,287",14.3,0,1,1,0,0,0,5,0,0,0.07,0.07,0,0.07,Matches,Cristian Costin,Dinamo-Bucuresti
ro ROU,DF,38-337,19,8,844,9.4,0,0,0,0,0,0,3,0,0,0,0,0,0,Matches,Răzvan Patriche,Dinamo-Bucuresti
ro ROU,"DF,MF",23-272,23,6,773,8.6,0,1,1,0,0,0,3,0,0,0.12,0.12,0,0.12,Matches,Iulius Marginean,Dinamo-Bucuresti
ro ROU,FW,22-222,12,5,598,6.6,1,3,4,1,0,0,2,0,0.15,0.45,0.6,0.15,0.6,Matches,Andrei Bani,Dinamo-Bucuresti
hr CRO,FW,29-268,8,5,533,5.9,3,0,3,3,0,0,1,0,0.51,0,0.51,0.51,0.51,Matches,Stipe Perica,Dinamo-Bucuresti
ro ROU,DF,22-005,9,4,439,4.9,0,0,0,0,0,0,1,0,0,0,0,0,0,Matches,Cristian Licsandru,Dinamo-Bucuresti
es ESP,DF,34-015,8,2,301,3.3,0,0,0,0,0,0,1,0,0,0,0,0,0,Matches,Antonio Luna,Dinamo-Bucuresti
ro ROU,FW,25-059,9,2,212,2.4,0,0,0,0,0,0,0,0,0,0,0,0,0,Matches,Alexandru Pop,Dinamo-Bucuresti
es ESP,"MF,FW",26-023,6,2,205,2.3,0,0,0,0,0,0,1,0,0,0,0,0,0,Matches,Alberto Soro,Dinamo-Bucuresti
ro ROU,"MF,FW",20-234,8,2,187,2.1,0,0,0,0,0,0,0,0,0,0,0,0,0,Matches,Antonio Bordusanu,Dinamo-Bucuresti
ro ROU,DF,21-264,5,2,182,2,0,0,0,0,0,0,0,0,0,0,0,0,0,Matches,Costin Amzăr,Dinamo-Bucuresti
md MDA,MF,25-231,5,0,143,1.6,1,0,1,1,0,0,0,0,0.63,0,0.63,0.63,0.63,Matches,Petru Neagu,Dinamo-Bucuresti
ro ROU,MF,19-206,11,0,137,1.5,0,0,0,0,0,0,0,0,0,0,0,0,0,Matches,Adrian Caragea,Dinamo-Bucuresti
ro ROU,MF,19-319,2,0,21,0.2,0,0,0,0,0,0,0,0,0,0,0,0,0,Matches,Raul Rotund,Dinamo-Bucuresti
ro ROU,MF,18-324,1,0,20,0.2,0,0,0,0,0,0,0,0,0,0,0,0,0,Matches,Dragoș Irimia,Dinamo-Bucuresti
ro ROU,MF,16-282,0,0,,,,,,,,,,,,,,,,Matches,Antonio Cristea,Dinamo-Bucuresti
ro ROU,FW,22-306,0,0,,,,,,,,,,,,,,,,Matches,Andrei Florescu,Dinamo-Bucuresti
ro ROU,MF,15-244,0,0,,,,,,,,,,,,,,,,Matches,Eduard Ilincas,Dinamo-Bucuresti
ro ROU,DF,20-331,0,0,,,,,,,,,,,,,,,,Matches,Răzvan Pașcalău,Dinamo-Bucuresti
ro ROU,MF,18-128,0,0,,,,,,,,,,,,,,,,Matches,Casian Soare,Dinamo-Bucuresti
ro ROU,GK,20-090,0,0,,,,,,,,,,,,,,,,Matches,Alexandru Stoian,Dinamo-Bucuresti
ro ROU,"MF,FW",24-146,28,28,"2,339",26,7,9,16,4,3,3,4,1,0.27,0.35,0.62,0.15,0.5,Matches,Claudiu Petrila,Rapid-Bucuresti
ro ROU,DF,26-186,27,27,"2,423",26.9,3,1,4,3,0,0,4,0,0.11,0.04,0.15,0.11,0.15,Matches,Alexandru Pașcanu,Rapid-Bucuresti
ro ROU,"DF,MF",19-141,27,24,"2,180",24.2,1,1,2,1,0,0,6,1,0.04,0.04,0.08,0.04,0.08,Matches,Andrei Borza,Rapid-Bucuresti
no NOR,MF,24-326,23,23,"1,906",21.2,1,3,4,1,0,0,4,0,0.05,0.14,0.19,0.05,0.19,Matches,Tobias Christensen,Rapid-Bucuresti
ro ROU,DF,27-236,23,21,"1,883",20.9,0,2,2,0,0,0,4,0,0,0.1,0.1,0,0.1,Matches,Cristian Manea,Rapid-Bucuresti
ro ROU,GK,25-146,19,19,"1,709",19,0,0,0,0,0,0,2,0,0,0,0,0,0,Matches,Mihai Aioani,Rapid-Bucuresti
ee EST,MF,26-277,22,16,"1,598",17.8,1,1,2,1,0,0,2,0,0.06,0.06,0.11,0.06,0.11,Matches,Mattias Käit,Rapid-Bucuresti
ro ROU,DF,22-063,20,16,"1,579",17.5,0,0,0,0,0,0,4,0,0,0,0,0,0,Matches,Cristian Ignat,Rapid-Bucuresti
de GER,DF,33-261,19,16,"1,448",16.1,2,0,2,2,0,0,1,1,0.12,0,0.12,0.12,0.12,Matches,Christopher Braun,Rapid-Bucuresti
sk SVK,MF,28-312,17,15,990,11,0,0,0,0,0,0,4,1,0,0,0,0,0,Matches,Jakub Hromada,Rapid-Bucuresti
rs SRB,FW,23-346,25,13,"1,284",14.3,1,0,1,1,0,0,1,0,0.07,0,0.07,0.07,0.07,Matches,Borisav Burmaz,Rapid-Bucuresti
ch SUI,GK,33-061,13,13,"1,170",13,0,0,0,0,0,0,1,0,0,0,0,0,0,Matches,Benjamin Siegrist,Rapid-Bucuresti
ro ROU,"MF,DF",26-318,15,11,"1,027",11.4,0,0,0,0,0,0,3,0,0,0,0,0,0,Matches,Razvan Onea,Rapid-Bucuresti
ro ROU,DF,26-296,10,10,900,10,3,1,4,3,0,0,1,0,0.3,0.1,0.4,0.3,0.4,Matches,Denis Ciobotariu,Rapid-Bucuresti
ro ROU,"MF,FW",26-215,19,9,980,10.9,6,0,6,6,0,0,2,0,0.55,0,0.55,0.55,0.55,Matches,Mihai Dobre,Rapid-Bucuresti
ro ROU,"MF,FW",19-292,20,9,795,8.8,3,1,4,3,0,0,1,0,0.34,0.11,0.45,0.34,0.45,Matches,Rareș Pop,Rapid-Bucuresti
ga GAB,FW,28-238,9,9,789,8.8,3,0,3,1,2,2,2,0,0.34,0,0.34,0.11,0.11,Matches,Aaron Boupendza,Rapid-Bucuresti
ro ROU,"FW,DF",25-318,24,7,767,8.5,0,2,2,0,0,0,2,0,0,0.23,0.23,0,0.23,Matches,Claudiu Micovschi,Rapid-Bucuresti
ro ROU,DF,40-362,8,7,503,5.6,0,0,0,0,0,0,4,0,0,0,0,0,0,Matches,Cristian Săpunaru,Rapid-Bucuresti
rs SRB,MF,25-125,15,6,693,7.7,0,2,2,0,0,0,1,1,0,0.26,0.26,0,0.26,Matches,Luka Gojković,Rapid-Bucuresti
xk KVX,"MF,FW",28-003,14,6,539,6,1,1,2,1,0,0,0,0,0.17,0.17,0.33,0.17,0.33,Matches,Florent Hasani,Rapid-Bucuresti
ba BIH,FW,29-268,6,6,394,4.4,1,0,1,1,0,0,2,0,0.23,0,0.23,0.23,0.23,Matches,Elvir Koljić,Rapid-Bucuresti
cm CMR,FW,31-230,9,6,388,4.3,1,0,1,1,0,0,2,0,0.23,0,0.23,0.23,0.23,Matches,Clinton N'Jie,Rapid-Bucuresti
ro ROU,MF,22-161,15,5,420,4.7,0,0,0,0,0,0,1,0,0,0,0,0,0,Matches,Constantin Grameni,Rapid-Bucuresti
fr FRA,MF,28-292,8,5,384,4.3,1,0,1,1,0,0,1,0,0.23,0,0.23,0.23,0.23,Matches,Jayson Papeau,Rapid-Bucuresti
sk SVK,DF,27-022,4,4,321,3.6,1,0,1,1,0,0,1,0,0.28,0,0.28,0.28,0.28,Matches,Filip Blažek,Rapid-Bucuresti
ro ROU,"DF,MF",28-285,5,4,309,3.4,0,0,0,0,0,0,1,0,0,0,0,0,0,Matches,Paul Iacob,Rapid-Bucuresti
be BEL,MF,25-256,13,3,463,5.1,0,0,0,0,0,0,0,0,0,0,0,0,0,Matches,Xian Emmers,Rapid-Bucuresti
sk SVK,FW,21-363,10,3,358,4,0,1,1,0,0,0,1,0,0,0.25,0.25,0,0.25,Matches,Timotej Jambor,Rapid-Bucuresti
ro ROU,MF,27-031,6,3,316,3.5,0,0,0,0,0,0,0,0,0,0,0,0,0,Matches,Răzvan Oaidă,Rapid-Bucuresti
ci CIV,MF,24-147,4,2,189,2.1,0,0,0,0,0,0,1,0,0,0,0,0,0,Matches,Kader Keita,Rapid-Bucuresti
xk KVX,FW,24-214,3,2,181,2,1,1,2,0,1,1,0,0,0.5,0.5,0.99,0,0.5,Matches,Albion Rrahmani,Rapid-Bucuresti
cv CPV,MF,27-068,2,2,131,1.5,0,0,0,0,0,0,1,0,0,0,0,0,0,Matches,Diogo Mendes,Rapid-Bucuresti
ng NGA,FW,23-047,5,1,127,1.4,0,0,0,0,0,0,0,0,0,0,0,0,0,Matches,David Akpan Ankeye,Rapid-Bucuresti
ro ROU,MF,24-295,2,1,95,1.1,0,0,0,0,0,0,1,0,0,0,0,0,0,Matches,Orlando Gill,Rapid-Bucuresti
ro ROU,MF,21-017,3,0,41,0.5,0,0,0,0,0,0,1,0,0,0,0,0,0,Matches,Omar El Sawy,Rapid-Bucuresti
ro ROU,MF,18-128,1,0,12,0.1,0,0,0,0,0,0,0,0,0,0,0,0,0,Matches,Gabriel Gheorghe,Rapid-Bucuresti
ng NGA,MF,22-081,1,0,8,0.1,0,0,0,0,0,0,0,0,0,0,0,0,0,Matches,Peter Ademo,Rapid-Bucuresti
at AUT,GK,24-047,1,0,1,0,0,0,0,0,0,0,1,0,0,0,0,0,0,Matches,Franz Stolz,Rapid-Bucuresti
ro ROU,DF,20-000,0,0,,,,,,,,,,,,,,,,Matches,Robert Bădescu,Rapid-Bucuresti
ro ROU,GK,17-228,0,0,,,,,,,,,,,,,,,,Matches,Adrian Briciu,Rapid-Bucuresti
ro ROU,"DF,MF",36-054,0,0,,,,,,,,,,,,,,,,Matches,Alexandru Stan,Rapid-Bucuresti
ro ROU,GK,18-001,0,0,,,,,,,,,,,,,,,,Matches,George Ungureanu,Rapid-Bucuresti
ro ROU,"DF,MF",28-328,29,29,"2,340",26,4,2,6,4,0,0,5,1,0.15,0.08,0.23,0.15,0.23,Matches,Florin Ștefan,Sepsi-Sfantu-Gheorghe
sk SVK,DF,30-320,27,27,"2,422",26.9,1,0,1,1,0,0,1,1,0.04,0,0.04,0.04,0.04,Matches,Branislav Niňaj,Sepsi-Sfantu-Gheorghe
jp JPN,MF,30-164,28,26,"2,226",24.7,0,1,1,0,0,0,9,0,0,0.04,0.04,0,0.04,Matches,Sota Mino,Sepsi-Sfantu-Gheorghe
ro ROU,DF,26-036,23,22,"1,982",22,4,0,4,1,3,3,4,0,0.18,0,0.18,0.05,0.05,Matches,Denis Haruț,Sepsi-Sfantu-Gheorghe
ro ROU,GK,29-193,22,22,"1,979",22,0,0,0,0,0,0,1,0,0,0,0,0,0,Matches,Roland Niczuly,Sepsi-Sfantu-Gheorghe
ro ROU,DF,26-296,21,21,"1,890",21,2,0,2,2,0,0,1,0,0.1,0,0.1,0.1,0.1,Matches,Denis Ciobotariu,Sepsi-Sfantu-Gheorghe
ro ROU,FW,28-245,31,20,"1,741",19.3,4,2,6,4,0,0,5,1,0.21,0.1,0.31,0.21,0.31,Matches,Marius Coman,Sepsi-Sfantu-Gheorghe
ro ROU,"MF,FW",33-184,20,18,"1,512",16.8,2,2,4,2,0,0,1,0,0.12,0.12,0.24,0.12,0.24,Matches,Cosmin Matei,Sepsi-Sfantu-Gheorghe
rs SRB,"MF,FW",25-052,28,17,"1,446",16.1,2,1,3,2,0,0,3,0,0.12,0.06,0.19,0.12,0.19,Matches,Mihajlo Nešković,Sepsi-Sfantu-Gheorghe
ch SUI,"MF,FW",27-187,21,16,"1,528",17,5,2,7,5,0,0,1,0,0.29,0.12,0.41,0.29,0.41,Matches,Dimitri Oberlin,Sepsi-Sfantu-Gheorghe
mk MKD,MF,31-059,17,15,"1,352",15,4,2,6,1,3,3,3,0,0.27,0.13,0.4,0.07,0.2,Matches,Isnik Alimi,Sepsi-Sfantu-Gheorghe
al ALB,"MF,FW",27-032,25,15,"1,170",13,0,1,1,0,0,0,1,1,0,0.08,0.08,0,0.08,Matches,Sherif Kallaku,Sepsi-Sfantu-Gheorghe
ro ROU,MF,21-017,18,14,"1,207",13.4,4,2,6,4,0,0,0,1,0.3,0.15,0.45,0.3,0.45,Matches,Omar El Sawy,Sepsi-Sfantu-Gheorghe
ro ROU,"MF,DF",22-233,18,14,985,10.9,0,3,3,0,0,0,1,0,0,0.27,0.27,0,0.27,Matches,Bogdan Oteliță,Sepsi-Sfantu-Gheorghe
ro ROU,DF,24-022,18,12,"1,208",13.4,1,3,4,1,0,0,4,0,0.07,0.22,0.3,0.07,0.3,Matches,Andres Dumitrescu,Sepsi-Sfantu-Gheorghe
hu HUN,MF,34-123,22,9,974,10.8,0,1,1,0,0,0,7,0,0,0.09,0.09,0,0.09,Matches,Dávid Sigér,Sepsi-Sfantu-Gheorghe
ro ROU,GK,24-050,10,9,811,9,0,0,0,0,0,0,1,0,0,0,0,0,0,Matches,Szilard Gyenge,Sepsi-Sfantu-Gheorghe
hr CRO,DF,29-124,8,8,720,8,0,0,0,0,0,0,0,0,0,0,0,0,0,Matches,Matej Šimić,Sepsi-Sfantu-Gheorghe
hr CRO,FW,28-186,12,7,738,8.2,3,0,3,3,0,0,0,0,0.37,0,0.37,0.37,0.37,Matches,Gabriel Debeljuh,Sepsi-Sfantu-Gheorghe
hr CRO,MF,25-180,8,7,508,5.6,0,0,0,0,0,0,2,0,0,0,0,0,0,Matches,Dino Skorup,Sepsi-Sfantu-Gheorghe
hu HUN,MF,29-003,6,5,335,3.7,1,0,1,1,0,0,0,0,0.27,0,0.27,0.27,0.27,Matches,Kevin Varga,Sepsi-Sfantu-Gheorghe
ro ROU,MF,21-244,20,4,667,7.4,0,1,1,0,0,0,0,0,0,0.13,0.13,0,0.13,Matches,Darius Oroian,Sepsi-Sfantu-Gheorghe
hu HUN,DF,31-156,4,3,283,3.1,1,0,1,1,0,0,0,0,0.32,0,0.32,0.32,0.32,Matches,Márk Tamás,Sepsi-Sfantu-Gheorghe
mk MKD,FW,28-216,7,3,263,2.9,0,0,0,0,0,0,0,0,0,0,0,0,0,Matches,Dorian Babunski,Sepsi-Sfantu-Gheorghe
nl NED,"MF,FW",28-077,6,3,180,2,0,0,0,0,0,0,0,0,0,0,0,0,0,Matches,Michael Breij,Sepsi-Sfantu-Gheorghe
hu HUN,DF,29-088,3,2,82,0.9,0,0,0,0,0,0,2,0,0,0,0,0,0,Matches,Ákos Kecskés,Sepsi-Sfantu-Gheorghe
ro ROU,FW,27-111,9,1,305,3.4,1,0,1,1,0,0,0,0,0.3,0,0.3,0.3,0.3,Matches,Sebastian Mailat,Sepsi-Sfantu-Gheorghe
il ISR,DF,29-067,4,1,182,2,0,0,0,0,0,0,0,0,0,0,0,0,0,Matches,Nir Bardea,Sepsi-Sfantu-Gheorghe
hr CRO,MF,30-352,11,1,182,2,0,0,0,0,0,0,0,0,0,0,0,0,0,Matches,Stefan Hajdin,Sepsi-Sfantu-Gheorghe
ro ROU,GK,34-334,1,1,90,1,0,0,0,0,0,0,0,0,0,0,0,0,0,Matches,Dinu Moldovan,Sepsi-Sfantu-Gheorghe
ro ROU,MF,25-269,7,0,106,1.2,0,0,0,0,0,0,0,0,0,0,0,0,0,Matches,Marian Drăghiceanu,Sepsi-Sfantu-Gheorghe
ro ROU,MF,19-264,2,0,22,0.2,0,0,0,0,0,0,0,0,0,0,0,0,0,Matches,Giovani Ghimfus,Sepsi-Sfantu-Gheorghe
ro ROU,MF,20-133,2,0,16,0.2,0,0,0,0,0,0,0,0,0,0,0,0,0,Matches,Akos Nistor,Sepsi-Sfantu-Gheorghe
ro ROU,DF,22-272,2,0,2,0,0,0,0,0,0,0,0,0,0,0,0,0,0,Matches,Davide Popșa,Sepsi-Sfantu-Gheorghe
ro ROU,MF,17-070,1,0,1,0,0,0,0,0,0,0,0,0,0,0,0,0,0,Matches,Hunor Batzula,Sepsi-Sfantu-Gheorghe
ro ROU,FW,19-175,0,0,,,,,,,,,,,,,,,,Matches,Raul Cîmpean,Sepsi-Sfantu-Gheorghe
ro ROU,GK,21-076,0,0,,,,,,,,,,,,,,,,Matches,Hunor Gedo,Sepsi-Sfantu-Gheorghe
ro ROU,MF,20-341,0,0,,,,,,,,,,,,,,,,Matches,Denis Renta,Sepsi-Sfantu-Gheorghe
it ITA,MF,28-236,31,31,"2,659",29.5,4,1,5,4,0,1,5,0,0.14,0.03,0.17,0.14,0.17,Matches,Alessandro Murgia,Hermannstadt
ro ROU,GK,28-288,30,30,"2,700",30,0,1,1,0,0,0,1,0,0,0.03,0.03,0,0.03,Matches,Cătălin Cabuz,Hermannstadt
pt POR,"DF,MF",24-227,30,29,"2,570",28.6,2,3,5,2,0,0,1,0,0.07,0.11,0.18,0.07,0.18,Matches,Tiago Gonçalves,Hermannstadt
bg BUL,MF,29-203,30,28,"2,407",26.7,0,0,0,0,0,0,8,1,0,0,0,0,0,Matches,Antoni Ivanov,Hermannstadt
ro ROU,"MF,DF",29-055,30,28,"2,396",26.6,4,3,7,4,0,0,3,1,0.15,0.11,0.26,0.15,0.26,Matches,Silviu Balaure,Hermannstadt
ro ROU,FW,34-008,32,25,"2,129",23.7,6,5,11,6,0,0,1,0,0.25,0.21,0.47,0.25,0.47,Matches,Aurelian Chițu,Hermannstadt
ro ROU,"FW,MF",22-115,31,25,"2,033",22.6,8,3,11,7,1,1,3,0,0.35,0.13,0.49,0.31,0.44,Matches,Ianis Stoica,Hermannstadt
ro ROU,DF,37-086,24,24,"2,115",23.5,1,0,1,1,0,0,1,0,0.04,0,0.04,0.04,0.04,Matches,Ionuț Stoica,Hermannstadt
ro ROU,DF,26-361,21,18,"1,636",18.2,0,1,1,0,0,0,5,0,0,0.06,0.06,0,0.06,Matches,Tiberiu Căpușă,Hermannstadt
ro ROU,DF,36-036,21,17,"1,514",16.8,0,1,1,0,0,0,3,0,0,0.06,0.06,0,0.06,Matches,Valerică Găman,Hermannstadt
ro ROU,MF,31-035,24,14,"1,159",12.9,0,0,0,0,0,0,2,0,0,0,0,0,0,Matches,Ionuț Biceanu,Hermannstadt
lu LUX,DF,27-364,15,14,"1,111",12.3,0,0,0,0,0,0,7,1,0,0,0,0,0,Matches,Vahid Selimović,Hermannstadt
ro ROU,DF,34-005,20,13,"1,280",14.2,1,0,1,1,0,0,5,0,0.07,0,0.07,0.07,0.07,Matches,Florin Bejan,Hermannstadt
ro ROU,DF,24-065,14,11,966,10.7,0,1,1,0,0,0,1,0,0,0.09,0.09,0,0.09,Matches,Alexandru Oroian,Hermannstadt
ro ROU,"MF,FW",27-324,13,10,639,7.1,2,3,5,2,0,0,0,0,0.28,0.42,0.7,0.28,0.7,Matches,Ronaldo Deaconu,Hermannstadt
ro ROU,"FW,MF",29-114,25,8,885,9.8,4,1,5,2,2,2,4,0,0.41,0.1,0.51,0.2,0.31,Matches,Cristian Negut,Hermannstadt
gh GHA,"MF,DF",24-235,18,8,805,8.9,0,0,0,0,0,0,0,0,0,0,0,0,0,Matches,Nana Kwame Antwi,Hermannstadt
ro ROU,FW,32-151,25,6,917,10.2,2,1,3,2,0,0,2,0,0.2,0.1,0.29,0.2,0.29,Matches,Sergiu Buș,Hermannstadt
ro ROU,"MF,FW",22-024,20,5,569,6.3,1,0,1,1,0,0,2,0,0.16,0,0.16,0.16,0.16,Matches,Robert Popescu,Hermannstadt
gm GAM,MF,25-028,13,3,388,4.3,0,0,0,0,0,0,1,0,0,0,0,0,0,Matches,Kalifa Kujabi,Hermannstadt
ro ROU,MF,22-185,16,2,409,4.5,2,0,2,2,0,0,1,0,0.44,0,0.44,0.44,0.44,Matches,Dragoș Iancu,Hermannstadt
ro ROU,GK,30-059,2,2,180,2,0,0,0,0,0,0,0,0,0,0,0,0,0,Matches,Vlad Muțiu,Hermannstadt
ro ROU,FW,24-010,4,1,109,1.2,0,0,0,0,0,0,0,0,0,0,0,0,0,Matches,Jovan Marković,Hermannstadt
ro ROU,MF,23-200,3,0,19,0.2,0,0,0,0,0,0,0,0,0,0,0,0,0,Matches,Alexandru Jipa,Hermannstadt
ro ROU,MF,20-341,1,0,15,0.2,0,0,0,0,0,0,0,0,0,0,0,0,0,Matches,Alexandru Luca,Hermannstadt
ro ROU,MF,19-076,1,0,1,0,0,0,0,0,0,0,0,0,0,0,0,0,0,Matches,Ianis Gandila,Hermannstadt
ro ROU,DF,21-059,0,0,,,,,,,,,,,,,,,,Matches,Kevin Ciubotaru,Hermannstadt
ro ROU,FW,20-191,0,0,,,,,,,,,,,,,,,,Matches,Ianis Mihart,Hermannstadt
ro ROU,GK,27-244,0,0,,,,,,,,,,,,,,,,Matches,Ionuţ Pop,Hermannstadt
ro ROU,"MF,FW",34-185,32,30,"2,676",29.7,6,1,7,6,0,1,3,0,0.2,0.03,0.24,0.2,0.24,Matches,Gheorghe Grozav,Petrolul-Ploiesti
pt POR,DF,31-009,30,30,"2,602",28.9,2,3,5,2,0,0,2,0,0.07,0.1,0.17,0.07,0.17,Matches,Ricardinho,Petrolul-Ploiesti
fi FIN,MF,25-229,31,29,"2,581",28.7,1,2,3,1,0,0,4,0,0.03,0.07,0.1,0.03,0.1,Matches,Tommi Jyry,Petrolul-Ploiesti
pt POR,DF,25-240,30,27,"2,466",27.4,0,0,0,0,0,0,6,0,0,0,0,0,0,Matches,Marian Huja,Petrolul-Ploiesti
gn GUI,MF,28-196,30,27,"2,412",26.8,0,1,1,0,0,0,7,1,0,0.04,0.04,0,0.04,Matches,Tidiane Keita,Petrolul-Ploiesti
ro ROU,DF,35-142,27,25,"2,295",25.5,2,0,2,2,0,0,12,1,0.08,0,0.08,0.08,0.08,Matches,Paul Papp,Petrolul-Ploiesti
ro ROU,MF,32-363,27,23,"1,659",18.4,1,4,5,1,0,0,6,1,0.05,0.22,0.27,0.05,0.27,Matches,Sergiu Hanca,Petrolul-Ploiesti
cz CZE,GK,31-083,20,20,"1,800",20,0,0,0,0,0,0,3,0,0,0,0,0,0,Matches,Lukáš Zima,Petrolul-Ploiesti
ro ROU,"DF,MF",32-193,20,19,"1,648",18.3,0,3,3,0,0,0,4,0,0,0.16,0.16,0,0.16,Matches,Lucian Dumitriu,Petrolul-Ploiesti
ro ROU,"MF,FW",19-197,29,19,"1,603",17.8,4,2,6,4,0,0,2,0,0.22,0.11,0.34,0.22,0.34,Matches,Mihnea Radulescu,Petrolul-Ploiesti
ro ROU,FW,29-014,19,18,"1,473",16.4,8,1,9,8,0,0,1,0,0.49,0.06,0.55,0.49,0.55,Matches,Alexandru Tudorie,Petrolul-Ploiesti
ro ROU,"MF,DF",22-008,25,15,"1,426",15.8,0,0,0,0,0,0,2,0,0,0,0,0,0,Matches,Denis Radu,Petrolul-Ploiesti
ro ROU,MF,35-113,22,12,"1,137",12.6,0,0,0,0,0,0,2,0,0,0,0,0,0,Matches,Alexandru Mateiu,Petrolul-Ploiesti
bj BEN,DF,27-269,14,12,970,10.8,0,0,0,0,0,0,4,0,0,0,0,0,0,Matches,Yohan Roche,Petrolul-Ploiesti
ro ROU,GK,23-360,9,9,810,9,0,0,0,0,0,0,1,0,0,0,0,0,0,Matches,Raul Bălbărău,Petrolul-Ploiesti
ng NGA,FW,31-309,15,8,862,9.6,0,1,1,0,0,0,0,0,0,0.1,0.1,0,0.1,Matches,Christian Irobiso,Petrolul-Ploiesti
ro ROU,"MF,FW",28-047,9,5,461,5.1,0,0,0,0,0,0,1,0,0,0,0,0,0,Matches,Valentin Gheorghe,Petrolul-Ploiesti
ro ROU,DF,21-326,12,4,418,4.6,1,0,1,1,0,0,3,0,0.22,0,0.22,0.22,0.22,Matches,Ioan Tolea,Petrolul-Ploiesti
fr FRA,MF,26-051,10,3,346,3.8,0,0,0,0,0,0,0,0,0,0,0,0,0,Matches,Herman Moussaki,Petrolul-Ploiesti
ro ROU,DF,24-195,3,3,264,2.9,1,0,1,1,0,0,0,0,0.34,0,0.34,0.34,0.34,Matches,Valentin Ticu,Petrolul-Ploiesti
xk KVX,FW,24-078,3,3,222,2.5,1,0,1,1,0,0,0,0,0.41,0,0.41,0.41,0.41,Matches,Albin Berisha,Petrolul-Ploiesti
ro ROU,MF,22-299,12,2,372,4.1,1,1,2,1,0,0,0,0,0.24,0.24,0.48,0.24,0.48,Matches,Mario Bratu,Petrolul-Ploiesti
se SWE,GK,28-038,2,2,180,2,0,0,0,0,0,0,0,0,0,0,0,0,0,Matches,Oscar Linnér,Petrolul-Ploiesti
br BRA,MF,32-293,6,2,176,2,0,1,1,0,0,0,0,0,0,0.51,0.51,0,0.51,Matches,Fabrício Baiano,Petrolul-Ploiesti
gh GHA,FW,27-216,9,1,352,3.9,0,2,2,0,0,0,1,0,0,0.51,0.51,0,0.51,Matches,Nana Akosah-Bempah,Petrolul-Ploiesti
ro ROU,DF,24-208,6,1,155,1.7,0,0,0,0,0,0,1,0,0,0,0,0,0,Matches,Alexandru Stănică,Petrolul-Ploiesti
ro ROU,GK,26-251,1,1,90,1,0,0,0,0,0,0,1,0,0,0,0,0,0,Matches,Mihai Eșanu,Petrolul-Ploiesti
jp JPN,MF,39-056,1,1,80,0.9,0,0,0,0,0,0,0,0,0,0,0,0,0,Matches,Takayuki Seto,Petrolul-Ploiesti
ro ROU,MF,25-061,1,1,45,0.5,0,0,0,0,0,0,0,0,0,0,0,0,0,Matches,Alexandru Ișfan,Petrolul-Ploiesti
tr TUR,FW,22-090,3,0,43,0.5,0,0,0,0,0,0,0,0,0,0,0,0,0,Matches,Ali Sühan Demirel,Petrolul-Ploiesti
ba BIH,DF,23-246,1,0,18,0.2,0,0,0,0,0,0,0,0,0,0,0,0,0,Matches,Hasan Jahic,Petrolul-Ploiesti
ro ROU,MF,21-040,3,0,17,0.2,0,0,0,0,0,0,0,0,0,0,0,0,0,Matches,Alin-Marius Boțogan,Petrolul-Ploiesti
ro ROU,FW,20-228,3,0,3,0,0,0,0,0,0,0,0,0,0,0,0,0,0,Matches,David Ilie,Petrolul-Ploiesti
ro ROU,FW,22-099,1,0,1,0,0,0,0,0,0,0,0,0,0,0,0,0,0,Matches,Raul Bucur,Petrolul-Ploiesti
ro ROU,MF,19-158,1,0,1,0,0,0,0,0,0,0,0,0,0,0,0,0,0,Matches,Victor Stancovici,Petrolul-Ploiesti
ro ROU,MF,18-345,0,0,,,,,,,,,,,,,,,,Matches,Augustin Dumitrache,Petrolul-Ploiesti
br BRA,DF,31-025,0,0,,,,,,,,,,,,,,,,Matches,Guilherme Garutti,Petrolul-Ploiesti
ro ROU,GK,20-023,0,0,,,,,,,,,,,,,,,,Matches,Andrei Jercalau,Petrolul-Ploiesti
de GER,"DF,MF",25-028,0,0,,,,,,,,,,,,,,,,Matches,Kilian Ludewig,Petrolul-Ploiesti
ro ROU,DF,20-355,0,0,,,,,,,,,,,,,,,,Matches,Bogran Marian,Petrolul-Ploiesti
ro ROU,MF,18-186,0,0,,,,,,,,,,,,,,,,Matches,David Paraschiv,Petrolul-Ploiesti
ro ROU,FW,19-256,0,0,,,,,,,,,,,,,,,,Matches,Iustin Răducan,Petrolul-Ploiesti
ro ROU,GK,31-153,32,32,"2,880",32,0,0,0,0,0,0,1,0,0,0,0,0,0,Matches,Alexandru Buzbuchi,Farul-Constanta
ro ROU,"DF,MF",32-313,32,31,"2,796",31.1,0,3,3,0,0,0,1,0,0,0.1,0.1,0,0.1,Matches,Cristian Ganea,Farul-Constanta
ro ROU,MF,30-041,30,29,"2,345",26.1,2,2,4,2,0,0,8,1,0.08,0.08,0.15,0.08,0.15,Matches,Ionuț Vînă,Farul-Constanta
am ARM,"FW,MF",23-289,31,29,"2,265",25.2,5,0,5,5,0,0,4,0,0.2,0,0.2,0.2,0.2,Matches,Narek Grigoryan,Farul-Constanta
ro ROU,DF,30-078,25,23,"1,976",22,0,0,0,0,0,0,6,1,0,0,0,0,0,Matches,Mihai Bălașa,Farul-Constanta
br BRA,DF,23-050,24,22,"1,940",21.6,1,0,1,1,0,0,4,0,0.05,0,0.05,0.05,0.05,Matches,Gustavo Marins,Farul-Constanta
ro ROU,"MF,DF",24-173,30,20,"1,929",21.4,4,1,5,4,0,0,7,0,0.19,0.05,0.23,0.19,0.23,Matches,Victor Dican,Farul-Constanta
ro ROU,FW,34-087,23,19,"1,833",20.4,7,6,13,5,2,2,7,1,0.34,0.29,0.64,0.25,0.54,Matches,Denis Alibec,Farul-Constanta
ro ROU,"DF,MF",21-345,25,18,"1,711",19,0,0,0,0,0,0,3,0,0,0,0,0,0,Matches,Dan Sirbu,Farul-Constanta
ro ROU,"MF,FW",20-246,25,18,"1,348",15,2,2,4,2,0,0,1,0,0.13,0.13,0.27,0.13,0.27,Matches,Eduard Radaslavescu,Farul-Constanta
br BRA,FW,29-338,24,15,"1,136",12.6,5,2,7,5,0,0,1,0,0.4,0.16,0.55,0.4,0.55,Matches,Rivaldinho,Farul-Constanta
ro ROU,"FW,MF",30-352,18,12,919,10.2,2,1,3,1,1,1,2,0,0.2,0.1,0.29,0.1,0.2,Matches,Gabriel Iancu,Farul-Constanta
ro ROU,DF,31-018,16,10,"1,027",11.4,1,0,1,1,0,0,2,0,0.09,0,0.09,0.09,0.09,Matches,Bogdan Țîru,Farul-Constanta
ro ROU,MF,26-094,19,9,929,10.3,1,0,1,1,0,0,3,0,0.1,0,0.1,0.1,0.1,Matches,Carlo Casap,Farul-Constanta
ro ROU,FW,21-248,12,8,769,8.5,1,1,2,1,0,0,3,0,0.12,0.12,0.23,0.12,0.23,Matches,Ionuț Cojocaru,Farul-Constanta
ro ROU,DF,31-330,8,8,658,7.3,0,0,0,0,0,0,1,0,0,0,0,0,0,Matches,Mihai Popescu,Farul-Constanta
ro ROU,MF,22-161,8,8,646,7.2,0,1,1,0,0,0,2,0,0,0.14,0.14,0,0.14,Matches,Constantin Grameni,Farul-Constanta
ro ROU,MF,22-090,15,8,611,6.8,0,0,0,0,0,0,3,0,0,0,0,0,0,Matches,Nicolas Popescu,Farul-Constanta
ro ROU,"DF,MF",18-139,12,7,633,7,0,1,1,0,0,0,1,0,0,0.14,0.14,0,0.14,Matches,Ionuț Cercel,Farul-Constanta
ro ROU,DF,38-076,11,7,561,6.2,0,0,0,0,0,0,2,0,0,0,0,0,0,Matches,Ionuț Larie,Farul-Constanta
ro ROU,"FW,MF",27-074,17,5,666,7.4,0,1,1,0,0,0,0,0,0,0.14,0.14,0,0.14,Matches,Andrei Ciobanu,Farul-Constanta
ro ROU,MF,28-045,10,5,401,4.5,0,0,0,0,0,0,1,0,0,0,0,0,0,Matches,Dragoș Nedelcu,Farul-Constanta
pt POR,MF,26-087,4,3,221,2.5,0,0,0,0,0,0,1,0,0,0,0,0,0,Matches,Diogo Queirós,Farul-Constanta
ro ROU,DF,21-329,10,2,327,3.6,0,0,0,0,0,0,0,1,0,0,0,0,0,Matches,Gabriel Danuleasa,Farul-Constanta
ro ROU,MF,20-061,4,2,203,2.3,0,0,0,0,0,0,1,0,0,0,0,0,0,Matches,Luca Banu,Farul-Constanta
br BRA,"MF,DF",23-228,3,2,128,1.4,0,0,0,0,0,0,0,0,0,0,0,0,0,Matches,Reginaldo,Farul-Constanta
ro ROU,FW,18-054,18,0,309,3.4,0,0,0,0,0,0,0,0,0,0,0,0,0,Matches,Iustin Doicaru,Farul-Constanta
ro ROU,FW,17-108,7,0,151,1.7,0,0,0,0,0,0,0,0,0,0,0,0,0,Matches,Alexandru Stoian,Farul-Constanta
ro ROU,MF,18-320,6,0,133,1.5,1,0,1,1,0,0,0,0,0.68,0,0.68,0.68,0.68,Matches,Luca-Constantin Basceanu,Farul-Constanta
ro ROU,DF,23-063,4,0,59,0.7,0,0,0,0,0,0,1,0,0,0,0,0,0,Matches,Gabriel Buta,Farul-Constanta
pt POR,DF,24-004,3,0,42,0.5,0,0,0,0,0,0,0,0,0,0,0,0,0,Matches,Fabinho Baptista,Farul-Constanta
ua UKR,FW,20-214,1,0,9,0.1,0,0,0,0,0,0,0,0,0,0,0,0,0,Matches,Daniel Kiwinda,Farul-Constanta
ro ROU,DF,19-312,0,0,,,,,,,,,,,,,,,,Matches,Mario Aioanei,Farul-Constanta
ro ROU,FW,21-250,0,0,,,,,,,,,,,,,,,,Matches,Luca Andronache,Farul-Constanta
ro ROU,FW,16-157,0,0,,,,,,,,,,,,,,,,Matches,Ianis Avramescu,Farul-Constanta
ro ROU,MF,14-206,0,0,,,,,,,,,,,,,,,,Matches,Patrick Budescu,Farul-Constanta
ro ROU,FW,18-240,0,0,,,,,,,,,,,,,,,,Matches,Alin Cocoș,Farul-Constanta
ro ROU,GK,24-052,0,0,,,,,,,,,,,,,,,,Matches,Răzvan Ducan,Farul-Constanta
ro ROU,DF,18-003,0,0,,,,,,,,,,,,,,,,Matches,David-John Dumitra,Farul-Constanta
ro ROU,DF,21-045,0,0,,,,,,,,,,,,,,,,Matches,Alexandru-Stefan Dutu,Farul-Constanta
ro ROU,DF,17-052,0,0,,,,,,,,,,,,,,,,Matches,Costyn Gheorghe,Farul-Constanta
ro ROU,DF,22-299,0,0,,,,,,,,,,,,,,,,Matches,Darius Grosu,Farul-Constanta
ro ROU,MF,25-169,0,0,,,,,,,,,,,,,,,,Matches,George Merloi,Farul-Constanta
ro ROU,DF,17-269,0,0,,,,,,,,,,,,,,,,Matches,Gabriel Munteanu,Farul-Constanta
ro ROU,FW,22-179,0,0,,,,,,,,,,,,,,,,Matches,Robert Mustacă,Farul-Constanta
ro ROU,MF,17-089,0,0,,,,,,,,,,,,,,,,Matches,Ianis Podoleanu,Farul-Constanta
gn GUI,DF,28-364,28,28,"2,520",28,0,0,0,0,0,0,6,0,0,0,0,0,0,Matches,Ibrahima Conté,UTA-Arad
ke KEN,"MF,FW",30-227,28,28,"2,397",26.6,3,3,6,3,0,0,8,0,0.11,0.11,0.23,0.11,0.23,Matches,Eric Johanna Omondi,UTA-Arad
ro ROU,"FW,MF",26-243,31,27,"2,191",24.3,6,3,9,4,2,2,5,0,0.25,0.12,0.37,0.16,0.29,Matches,Valentin Costache,UTA-Arad
mq MTQ,DF,28-090,24,24,"2,160",24,0,0,0,0,0,0,2,0,0,0,0,0,0,Matches,Florent Poulolo,UTA-Arad
ro ROU,MF,20-191,25,22,"1,855",20.6,1,1,2,1,0,0,4,0,0.05,0.05,0.1,0.05,0.1,Matches,Cristian Mihai,UTA-Arad
ro ROU,"DF,MF",27-175,27,21,"1,831",20.3,0,1,1,0,0,0,3,0,0,0.05,0.05,0,0.05,Matches,Răzvan Trif,UTA-Arad
be BEL,MF,28-013,21,18,"1,587",17.6,1,1,2,1,0,0,3,0,0.06,0.06,0.11,0.06,0.11,Matches,Benjamin Van Durmen,UTA-Arad
sk SVK,"MF,FW",28-032,20,18,"1,446",16.1,1,3,4,1,0,0,2,0,0.06,0.19,0.25,0.06,0.25,Matches,Andrej Fábry,UTA-Arad
cg CGO,"DF,MF",30-100,19,16,"1,490",16.6,0,1,1,0,0,0,5,0,0,0.06,0.06,0,0.06,Matches,Ravy Tsouka,UTA-Arad
ro ROU,GK,22-028,16,16,"1,437",16,0,0,0,0,0,0,1,0,0,0,0,0,0,Matches,Robert Popa,UTA-Arad
ro ROU,DF,35-076,21,15,"1,297",14.4,0,1,1,0,0,0,2,1,0,0.07,0.07,0,0.07,Matches,Cornel Râpă,UTA-Arad
ro ROU,MF,23-150,23,13,"1,243",13.8,1,0,1,1,0,0,0,0,0.07,0,0.07,0.07,0.07,Matches,Denis Hrezdac,UTA-Arad
ci CIV,DF,26-161,16,12,"1,174",13,1,0,1,1,0,0,7,0,0.08,0,0.08,0.08,0.08,Matches,Aristide Mabea,UTA-Arad
mk MKD,GK,30-036,12,12,"1,080",12,0,0,0,0,0,0,2,0,0,0,0,0,0,Matches,Dejan Iliev,UTA-Arad
ro ROU,DF,35-291,11,10,908,10.1,1,0,1,1,0,0,0,0,0.1,0,0.1,0.1,0.1,Matches,Alexandru Benga,UTA-Arad
fr FRA,MF,25-270,17,10,811,9,0,1,1,0,0,0,3,0,0,0.11,0.11,0,0.11,Matches,Lamine Ghezali,UTA-Arad
ng NGA,FW,25-022,12,8,705,7.8,2,0,2,2,0,0,0,1,0.26,0,0.26,0.26,0.26,Matches,Jordan Kadiri,UTA-Arad
ro ROU,MF,24-176,13,7,583,6.5,2,0,2,2,0,0,1,0,0.31,0,0.31,0.31,0.31,Matches,George Cîmpanu,UTA-Arad
ro ROU,MF,22-343,9,7,469,5.2,0,1,1,0,0,0,1,0,0,0.19,0.19,0,0.19,Matches,Marian Danciu,UTA-Arad
pt POR,"MF,FW",31-364,17,6,626,7,2,0,2,0,2,2,1,0,0.29,0,0.29,0,0,Matches,João Pedro,UTA-Arad
ng NGA,FW,31-160,8,6,477,5.3,1,0,1,1,0,0,0,0,0.19,0,0.19,0.19,0.19,Matches,Imoh Ezekiel,UTA-Arad
fr FRA,DF,30-145,7,5,437,4.9,0,0,0,0,0,0,0,0,0,0,0,0,0,Matches,Damien Dussaut,UTA-Arad
eng ENG,"FW,MF",27-263,6,5,392,4.4,1,1,2,1,0,0,0,0,0.23,0.23,0.46,0.23,0.46,Matches,Shayon Harrison,UTA-Arad
pt POR,DF,25-222,4,3,288,3.2,0,0,0,0,0,0,1,0,0,0,0,0,0,Matches,Diogo Costa Rodrigues,UTA-Arad
ro ROU,GK,23-243,3,3,270,3,0,0,0,0,0,0,1,0,0,0,0,0,0,Matches,Andrei Gorcea,UTA-Arad
cy CYP,"MF,FW",23-260,5,3,217,2.4,1,0,1,1,0,0,0,0,0.41,0,0.41,0.41,0.41,Matches,Marinos Tzionis,UTA-Arad
cd COD,MF,32-348,4,2,202,2.2,0,0,0,0,0,0,1,0,0,0,0,0,0,Matches,Paul-Jose M'Poku,UTA-Arad
ro ROU,FW,25-357,5,2,170,1.9,0,0,0,0,0,0,0,0,0,0,0,0,0,Matches,Ioan Dumiter,UTA-Arad
hu HUN,FW,24-170,17,1,367,4.1,1,1,2,1,0,0,4,0,0.25,0.25,0.49,0.25,0.49,Matches,Dániel Zsóri,UTA-Arad
ar ARG,FW,33-150,11,1,324,3.6,2,0,2,2,0,0,0,0,0.56,0,0.56,0.56,0.56,Matches,Agustín Vuletich,UTA-Arad
ro ROU,MF,22-210,17,1,314,3.5,0,0,0,0,0,0,0,0,0,0,0,0,0,Matches,Raoul Cristea,UTA-Arad
ro ROU,GK,21-286,2,1,93,1,0,0,0,0,0,0,1,0,0,0,0,0,0,Matches,Aleksander Mitrovic,UTA-Arad
sn SEN,MF,29-092,4,1,68,0.8,0,0,0,0,0,0,0,0,0,0,0,0,0,Matches,Joher Rassoul,UTA-Arad
ng NGA,FW,25-149,2,0,66,0.7,0,0,0,0,0,0,0,0,0,0,0,0,0,Matches,Nsungusi Jnr Effiong,UTA-Arad
il ISR,MF,24-237,4,0,53,0.6,0,0,0,0,0,0,1,0,0,0,0,0,0,Matches,Loei Halaf,UTA-Arad
ro ROU,MF,22-066,1,0,22,0.2,0,0,0,0,0,0,0,0,0,0,0,0,0,Matches,Andrei David,UTA-Arad
pt POR,FW,28-080,2,0,15,0.2,0,0,0,0,0,0,0,0,0,0,0,0,0,Matches,Zé Pedro,UTA-Arad
ro ROU,FW,17-358,2,0,14,0.2,0,0,0,0,0,0,0,0,0,0,0,0,0,Matches,Adrian Dragos,UTA-Arad
,,,1,0,1,0,0,0,0,0,0,0,0,0,0,0,0,0,0,Matches,Alexandru Olar,UTA-Arad
ro ROU,FW,18-007,1,0,1,0,0,0,0,0,0,0,0,0,0,0,0,0,0,Matches,Raul Stanciu,UTA-Arad
ro ROU,MF,22-270,0,0,,,,,,,,,,,,,,,,Matches,Ioan Borcea,UTA-Arad
,MF,,0,0,,,,,,,,,,,,,,,,Matches,Ahmet Ekmekci,UTA-Arad
ro ROU,DF,19-108,0,0,,,,,,,,,,,,,,,,Matches,Darius Iurasciuc,UTA-Arad
ro ROU,MF,17-067,0,0,,,,,,,,,,,,,,,,Matches,Alexandru Matei,UTA-Arad
ro ROU,GK,20-348,0,0,,,,,,,,,,,,,,,,Matches,Mario Popescu,UTA-Arad
ro ROU,GK,18-091,0,0,,,,,,,,,,,,,,,,Matches,Lucas Roșu,UTA-Arad
ro ROU,MF,16-361,0,0,,,,,,,,,,,,,,,,Matches,Denis Taroi,UTA-Arad
ro ROU,GK,20-127,0,0,,,,,,,,,,,,,,,,Matches,Patric Toderean,UTA-Arad
pt POR,FW,31-018,31,30,"2,302",25.6,5,5,10,5,0,0,0,0,0.2,0.2,0.39,0.2,0.39,Matches,Frédéric Maciel,Otelul-Galati
hr CRO,"MF,DF",33-010,29,28,"2,523",28,3,1,4,3,0,0,7,0,0.11,0.04,0.14,0.11,0.14,Matches,Diego Živulić,Otelul-Galati
rs SRB,DF,26-201,28,28,"2,395",26.6,0,0,0,0,0,0,6,3,0,0,0,0,0,Matches,Nikola Stevanović,Otelul-Galati
pt POR,MF,25-348,29,28,"2,374",26.4,0,0,0,0,0,0,8,0,0,0,0,0,0,Matches,João Lameira,Otelul-Galati
ro ROU,GK,31-213,25,25,"2,250",25,0,0,0,0,0,0,2,0,0,0,0,0,0,Matches,Iustin Popescu,Otelul-Galati
ci CIV,DF,27-319,21,20,"1,758",19.5,0,0,0,0,0,0,4,1,0,0,0,0,0,Matches,Jonathan Cissé,Otelul-Galati
ro ROU,DF,20-264,22,19,"1,533",17,0,1,1,0,0,0,1,0,0,0.06,0.06,0,0.06,Matches,David-Iulian Maftei,Otelul-Galati
pt POR,MF,28-033,29,18,"1,706",19,2,0,2,2,0,0,2,1,0.11,0,0.11,0.11,0.11,Matches,Teles,Otelul-Galati
pt POR,DF,29-103,20,17,"1,637",18.2,1,1,2,1,0,0,4,0,0.05,0.05,0.11,0.05,0.11,Matches,Miguel Silva,Otelul-Galati
it ITA,"MF,FW",31-332,17,17,"1,514",16.8,3,2,5,3,0,0,2,0,0.18,0.12,0.3,0.18,0.3,Matches,Juri Cisotti,Otelul-Galati
ro ROU,"FW,MF",21-339,28,16,"1,453",16.1,1,0,1,1,0,0,2,0,0.06,0,0.06,0.06,0.06,Matches,Razvan Tanasa,Otelul-Galati
ro ROU,FW,25-060,21,16,"1,381",15.3,5,0,5,3,2,2,1,0,0.33,0,0.33,0.2,0.2,Matches,Alexandru Pop,Otelul-Galati
ba BIH,FW,26-134,20,11,"1,155",12.8,3,0,3,3,0,0,1,0,0.23,0,0.23,0.23,0.23,Matches,Stipe Juric,Otelul-Galati
ch SUI,DF,31-070,12,11,996,11.1,0,0,0,0,0,0,5,0,0,0,0,0,0,Matches,Martin Angha,Otelul-Galati
hr CRO,DF,31-029,9,9,698,7.8,0,1,1,0,0,0,1,0,0,0.13,0.13,0,0.13,Matches,Josip Tomašević,Otelul-Galati
ro ROU,DF,30-152,18,7,745,8.3,0,1,1,0,0,0,1,0,0,0.12,0.12,0,0.12,Matches,Mihai Adăscăliței,Otelul-Galati
bg BUL,DF,31-259,10,7,713,7.9,0,0,0,0,0,0,3,0,0,0,0,0,0,Matches,Milen Zhelev,Otelul-Galati
ro ROU,GK,27-046,7,7,630,7,0,0,0,0,0,0,1,0,0,0,0,0,0,Matches,Cosmin Dur-Bozoancă,Otelul-Galati
rs SRB,FW,26-258,16,7,618,6.9,0,0,0,0,0,0,1,0,0,0,0,0,0,Matches,Vasilije Đurić,Otelul-Galati
ro ROU,MF,31-271,13,6,445,4.9,0,0,0,0,0,0,3,0,0,0,0,0,0,Matches,Neluț Roșu,Otelul-Galati
ro ROU,"MF,FW",22-223,9,6,429,4.8,1,0,1,1,0,0,0,0,0.21,0,0.21,0.21,0.21,Matches,Andrei Bani,Otelul-Galati
be BEL,MF,29-004,12,5,564,6.3,0,1,1,0,0,0,2,0,0,0.16,0.16,0,0.16,Matches,Samy Bourard,Otelul-Galati
ro ROU,DF,22-323,8,4,372,4.1,0,0,0,0,0,0,1,0,0,0,0,0,0,Matches,Andrei Rus,Otelul-Galati
ro ROU,"FW,MF",22-310,8,3,313,3.5,0,1,1,0,0,0,0,0,0,0.29,0.29,0,0.29,Matches,Albert Hofman,Otelul-Galati
ro ROU,FW,24-010,5,2,201,2.2,1,0,1,1,0,0,2,0,0.45,0,0.45,0.45,0.45,Matches,Jovan Marković,Otelul-Galati
co COL,DF,28-132,3,2,136,1.5,0,0,0,0,0,0,0,0,0,0,0,0,0,Matches,Julián Tovar,Otelul-Galati
ro ROU,FW,36-054,4,1,90,1,0,0,0,0,0,0,0,0,0,0,0,0,0,Matches,Alexandru Stan,Otelul-Galati
ro ROU,FW,37-056,2,1,84,0.9,0,0,0,0,0,0,0,0,0,0,0,0,0,Matches,Eric Bicfalvi,Otelul-Galati
ro ROU,MF,23-145,4,1,51,0.6,0,0,0,0,0,0,0,0,0,0,0,0,0,Matches,Cristian Chira,Otelul-Galati
md MDA,MF,27-079,14,0,204,2.3,0,0,0,0,0,0,1,0,0,0,0,0,0,Matches,Maxim Cojocaru,Otelul-Galati
ro ROU,FW,20-065,8,0,141,1.6,0,0,0,0,0,0,0,0,0,0,0,0,0,Matches,Andreas Burcea,Otelul-Galati
ro ROU,FW,21-250,6,0,96,1.1,0,0,0,0,0,0,1,0,0,0,0,0,0,Matches,Luca Andronache,Otelul-Galati
ec ECU,FW,26-022,1,0,36,0.4,0,0,0,0,0,0,1,0,0,0,0,0,0,Matches,Stiven Plaza,Otelul-Galati
ro ROU,DF,22-050,1,0,1,0,0,0,0,0,0,0,0,0,0,0,0,0,0,Matches,Ștefan Teodor Farcaș,Otelul-Galati
md MDA,DF,25-167,0,0,,,,,,,,,,,,,,,,Matches,Victor Bogaciuc,Otelul-Galati
ro ROU,DF,20-116,0,0,,,,,,,,,,,,,,,,Matches,Valerio Gallo,Otelul-Galati
ua UKR,GK,24-265,0,0,,,,,,,,,,,,,,,,Matches,Maksym Kovalov,Otelul-Galati
ro ROU,DF,21-142,0,0,,,,,,,,,,,,,,,,Matches,Constantin Mitulețu,Otelul-Galati
ro ROU,MF,35-158,0,0,,,,,,,,,,,,,,,,Matches,Ionuț Neagu,Otelul-Galati
si SVN,MF,27-029,0,0,,,,,,,,,,,,,,,,Matches,Jakob Novak,Otelul-Galati
bf BFA,DF,33-327,0,0,,,,,,,,,,,,,,,,Matches,François Yabré,Otelul-Galati
ro ROU,MF,31-064,32,31,"2,567",28.5,4,7,11,4,0,1,2,0,0.14,0.25,0.39,0.14,0.39,Matches,Alin Roman,Politehnica-Iasi
es ESP,GK,36-294,30,30,"2,700",30,0,0,0,0,0,0,1,0,0,0,0,0,0,Matches,Jesús,Politehnica-Iasi
ro ROU,MF,33-134,28,28,"2,449",27.2,5,0,5,4,1,1,11,1,0.18,0,0.18,0.15,0.15,Matches,Mihai Bordeianu,Politehnica-Iasi
gt GUA,DF,29-242,28,28,"2,435",27.1,1,0,1,1,0,0,9,0,0.04,0,0.04,0.04,0.04,Matches,Nicolás Samayoa,Politehnica-Iasi
pt POR,DF,24-052,26,26,"2,236",24.8,3,2,5,3,0,0,3,1,0.12,0.08,0.2,0.12,0.2,Matches,Guilherme Araújo Soares,Politehnica-Iasi
ro ROU,DF,24-218,23,21,"1,880",20.9,0,2,2,0,0,0,7,0,0,0.1,0.1,0,0.1,Matches,Rareș Ispas,Politehnica-Iasi
cm CMR,MF,27-109,25,20,"1,685",18.7,1,0,1,1,0,0,0,0,0.05,0,0.05,0.05,0.05,Matches,Samuel Oum Gouet,Politehnica-Iasi
ro ROU,"MF,FW",22-259,21,17,"1,434",15.9,3,3,6,3,0,0,5,1,0.19,0.19,0.38,0.19,0.38,Matches,Andrei Gheorghiță,Politehnica-Iasi
ro ROU,MF,23-040,27,15,"1,415",15.7,2,0,2,2,0,0,0,0,0.13,0,0.13,0.13,0.13,Matches,Stefan Stefanovici,Politehnica-Iasi
br BRA,"MF,FW",26-027,28,15,"1,404",15.6,3,0,3,3,0,0,3,0,0.19,0,0.19,0.19,0.19,Matches,Tailson,Politehnica-Iasi
ch SUI,FW,30-024,16,15,"1,292",14.4,2,1,3,2,0,0,1,1,0.14,0.07,0.21,0.14,0.21,Matches,Florian Kamberi,Politehnica-Iasi
ar ARG,MF,32-021,21,13,"1,108",12.3,2,0,2,2,0,0,1,0,0.16,0,0.16,0.16,0.16,Matches,Julián Marchioni,Politehnica-Iasi
mk MKD,DF,26-034,13,13,"1,041",11.6,0,1,1,0,0,0,2,0,0,0.09,0.09,0,0.09,Matches,Todor Todoroski,Politehnica-Iasi
ro ROU,"MF,FW",28-046,21,13,"1,024",11.4,0,1,1,0,0,0,2,0,0,0.09,0.09,0,0.09,Matches,Valentin Gheorghe,Politehnica-Iasi
mk MKD,DF,28-162,14,11,994,11,0,0,0,0,0,0,2,0,0,0,0,0,0,Matches,David Atanasovski,Politehnica-Iasi
de GER,DF,24-276,15,11,975,10.8,0,0,0,0,0,0,0,0,0,0,0,0,0,Matches,Claudio Silva,Politehnica-Iasi
ro ROU,DF,32-287,12,9,794,8.8,0,0,0,0,0,0,0,0,0,0,0,0,0,Matches,Florin Ilie,Politehnica-Iasi
gn GUI,FW,27-255,8,7,581,6.5,3,0,3,3,0,0,0,1,0.46,0,0.46,0.46,0.46,Matches,Sékou Camara,Politehnica-Iasi
gh GHA,DF,22-111,6,6,540,6,0,0,0,0,0,0,1,0,0,0,0,0,0,Matches,Umar Mohammed,Politehnica-Iasi
fr FRA,MF,28-270,6,5,313,3.5,0,2,2,0,0,0,1,0,0,0.58,0.58,0,0.58,Matches,Adama Diakhaby,Politehnica-Iasi
ro ROU,"DF,MF",30-151,10,4,575,6.4,0,0,0,0,0,0,2,0,0,0,0,0,0,Matches,Mihai Adăscăliței,Politehnica-Iasi
eng ENG,FW,27-262,14,4,427,4.7,0,1,1,0,0,0,1,0,0,0.21,0.21,0,0.21,Matches,Shayon Harrison,Politehnica-Iasi
de GER,MF,25-163,11,2,356,4,0,0,0,0,0,0,1,0,0,0,0,0,0,Matches,Robert Miskovic,Politehnica-Iasi
al ALB,"MF,FW",26-242,6,2,275,3.1,1,0,1,0,1,1,1,0,0.33,0,0.33,0,0,Matches,Xhuliano Skuka,Politehnica-Iasi
pt POR,MF,25-128,9,2,235,2.6,2,0,2,2,0,0,0,0,0.77,0,0.77,0.77,0.77,Matches,Gonçalo Teixeira,Politehnica-Iasi
ro ROU,GK,24-061,2,2,180,2,0,0,0,0,0,0,0,0,0,0,0,0,0,Matches,Ionut Ailenei,Politehnica-Iasi
ro ROU,MF,25-157,6,1,261,2.9,0,0,0,0,0,0,1,0,0,0,0,0,0,Matches,Cătălin Mihai Itu,Politehnica-Iasi
ro ROU,MF,19-175,3,1,65,0.7,0,0,0,0,0,0,1,0,0,0,0,0,0,Matches,Matei Tanasă,Politehnica-Iasi
dz ALG,FW,31-303,3,0,69,0.8,0,0,0,0,0,0,1,0,0,0,0,0,0,Matches,Billel Omrani,Politehnica-Iasi
ro ROU,MF,21-172,2,0,38,0.4,0,0,0,0,0,0,1,0,0,0,0,0,0,Matches,Luca Mihai,Politehnica-Iasi
ro ROU,DF,25-274,2,0,36,0.4,0,0,0,0,0,0,0,0,0,0,0,0,0,Matches,Cătălin Creţ,Politehnica-Iasi
ro ROU,FW,18-019,2,0,32,0.4,0,0,0,0,0,0,0,0,0,0,0,0,0,Matches,David Popa,Politehnica-Iasi
br BRA,MF,27-254,4,0,27,0.3,0,1,1,0,0,0,0,0,0,3.33,3.33,0,3.33,Matches,Dudu Nardini,Politehnica-Iasi
ro ROU,MF,20-312,3,0,21,0.2,0,0,0,0,0,0,0,0,0,0,0,0,0,Matches,Denis-Andrei Ciobanu,Politehnica-Iasi
ro ROU,MF,20-234,2,0,12,0.1,0,0,0,0,0,0,0,0,0,0,0,0,0,Matches,Antonio Bordusanu,Politehnica-Iasi
si SVN,DF,31-034,0,0,,,,,,,,,,,,,,,,Matches,Matija Boben,Politehnica-Iasi
ro ROU,MF,16-349,0,0,,,,,,,,,,,,,,,,Matches,Vlad Ilie,Politehnica-Iasi
ro ROU,GK,27-229,0,0,,,,,,,,,,,,,,,,Matches,Toma Marinică Niga,Politehnica-Iasi
ro ROU,MF,28-192,0,0,,,,,,,,,,,,,,,,Matches,Romario Moise,Politehnica-Iasi
ro ROU,DF,30-309,28,26,"2,335",25.9,0,1,1,0,0,0,6,1,0,0.04,0.04,0,0.04,Matches,George Miron,Botosani
ao ANG,MF,27-007,31,26,"2,334",25.9,3,0,3,3,0,0,5,0,0.12,0,0.12,0.12,0.12,Matches,Aldaír Ferreira,Botosani
ng NGA,"DF,MF",22-130,23,22,"1,840",20.4,1,1,2,1,0,0,1,2,0.05,0.05,0.1,0.05,0.1,Matches,Adams Friday,Botosani
gr GRE,GK,34-024,21,21,"1,890",21,0,0,0,0,0,0,2,0,0,0,0,0,0,Matches,Giannis Anestis,Botosani
si SVN,DF,23-294,23,21,"1,889",21,1,1,2,1,0,0,2,0,0.05,0.05,0.1,0.05,0.1,Matches,Michael Pavlovič,Botosani
ro ROU,FW,26-206,27,21,"1,667",18.5,6,2,8,6,0,0,8,0,0.32,0.11,0.43,0.32,0.43,Matches,Marian Chică-Roșă,Botosani
fr FRA,"MF,FW",29-282,22,20,"1,624",18,1,2,3,1,0,0,4,0,0.06,0.11,0.17,0.06,0.17,Matches,Hervin Ongenda,Botosani
md MDA,"MF,FW",22-060,29,20,"1,551",17.2,2,4,6,2,0,0,4,0,0.12,0.23,0.35,0.12,0.35,Matches,Stefan Bodisteanu,Botosani
ar ARG,DF,31-085,23,19,"1,709",19,0,0,0,0,0,0,4,0,0,0,0,0,0,Matches,Patricio Matricardi,Botosani
ba BIH,DF,25-074,21,18,"1,520",16.9,1,0,1,1,0,0,3,1,0.06,0,0.06,0.06,0.06,Matches,Rijad Sadiku,Botosani
ro ROU,MF,27-279,20,15,"1,300",14.4,1,1,2,0,1,1,2,0,0.07,0.07,0.14,0,0.07,Matches,Eduard Florescu,Botosani
ro ROU,"DF,MF",34-294,15,13,"1,166",13,0,0,0,0,0,0,2,0,0,0,0,0,0,Matches,Alexandru Țigănașu,Botosani
ar ARG,FW,27-023,24,10,"1,120",12.4,4,0,4,4,0,0,0,0,0.32,0,0.32,0.32,0.32,Matches,Enzo López,Botosani
ro ROU,MF,23-063,24,10,"1,036",11.5,6,2,8,6,0,0,6,0,0.52,0.17,0.69,0.52,0.69,Matches,Zoran Mitrov,Botosani
al ALB,MF,32-021,11,10,698,7.8,1,0,1,1,0,0,4,0,0.13,0,0.13,0.13,0.13,Matches,Enriko Papa,Botosani
gw GNB,MF,33-074,11,9,720,8,0,1,1,0,0,0,2,0,0,0.12,0.12,0,0.12,Matches,Francisco Júnior,Botosani
ro ROU,"MF,DF",22-050,15,9,715,7.9,0,1,1,0,0,0,2,0,0,0.13,0.13,0,0.13,Matches,David Gabriel,Botosani
ro ROU,MF,24-176,11,9,687,7.6,0,0,0,0,0,0,1,0,0,0,0,0,0,Matches,George Cîmpanu,Botosani
mw MWI,"MF,DF",24-053,16,8,798,8.9,0,0,0,0,0,0,0,0,0,0,0,0,0,Matches,Charles Petro,Botosani
ro ROU,GK,30-275,7,7,630,7,0,0,0,0,0,0,3,0,0,0,0,0,0,Matches,Eduard Pap,Botosani
es ESP,"MF,DF",29-044,14,6,672,7.5,1,0,1,1,0,0,3,0,0.13,0,0.13,0.13,0.13,Matches,ALex Salomón,Botosani
ro ROU,DF,38-007,12,6,525,5.8,1,0,1,1,0,0,5,1,0.17,0,0.17,0.17,0.17,Matches,Alin Șeroni,Botosani
ro ROU,"FW,MF",27-252,15,5,504,5.6,1,0,1,1,0,0,1,0,0.18,0,0.18,0.18,0.18,Matches,Lóránd Fülöp,Botosani
ro ROU,DF,28-285,5,4,377,4.2,0,0,0,0,0,0,0,0,0,0,0,0,0,Matches,Paul Iacob,Botosani
ba BIH,GK,28-321,4,4,360,4,0,0,0,0,0,0,1,0,0,0,0,0,0,Matches,Luka Kukic,Botosani
fr FRA,MF,24-135,23,3,630,7,1,3,4,1,0,0,4,0,0.14,0.43,0.57,0.14,0.57,Matches,Jaly Mouaddib,Botosani
ar ARG,MF,30-021,10,3,318,3.5,0,1,1,0,0,0,2,0,0,0.28,0.28,0,0.28,Matches,Juan Cruz Kaprof,Botosani
ro ROU,MF,23-091,6,2,289,3.2,0,0,0,0,0,0,1,0,0,0,0,0,0,Matches,Robert Filip,Botosani
ro ROU,MF,27-111,2,2,143,1.6,1,0,1,1,0,0,1,0,0.63,0,0.63,0.63,0.63,Matches,Sebastian Mailat,Botosani
ro ROU,DF,29-270,5,1,202,2.2,0,0,0,0,0,0,1,0,0,0,0,0,0,Matches,Daniel Celea,Botosani
ro ROU,MF,22-191,5,1,201,2.2,0,0,0,0,0,0,0,0,0,0,0,0,0,Matches,Stefan Panoiu,Botosani
ar ARG,MF,26-312,3,1,118,1.3,0,0,0,0,0,0,0,0,0,0,0,0,0,Matches,Chapi Romano,Botosani
ro ROU,"DF,MF",33-007,4,0,32,0.4,0,0,0,0,0,0,0,0,0,0,0,0,0,Matches,Romario Benzar,Botosani
ro ROU,FW,18-236,1,0,2,0,0,0,0,0,0,0,0,0,0,0,0,0,0,Matches,Denis Șerban,Botosani
ro ROU,GK,17-045,0,0,,,,,,,,,,,,,,,,Matches,Alin Ciobanu,Botosani
ro ROU,DF,18-006,0,0,,,,,,,,,,,,,,,,Matches,Narcis Ilaș,Botosani
cm CMR,"MF,FW",26-291,31,29,"2,488",27.6,1,1,2,1,0,0,6,0,0.04,0.04,0.07,0.04,0.07,Matches,Christ Nkama Afalna,Unirea-Slobozia
md MDA,GK,34-243,27,27,"2,430",27,0,0,0,0,0,0,1,0,0,0,0,0,0,Matches,Denis Rusu,Unirea-Slobozia
ro ROU,DF,32-285,26,26,"2,340",26,0,1,1,0,0,0,6,0,0,0.04,0.04,0,0.04,Matches,Marius Paul Antoche,Unirea-Slobozia
ro ROU,MF,22-351,27,25,"2,156",24,2,1,3,2,0,0,2,0,0.08,0.04,0.13,0.08,0.13,Matches,Ovidiu Perianu,Unirea-Slobozia
ro ROU,MF,33-147,29,24,"1,668",18.5,2,5,7,1,1,1,3,0,0.11,0.27,0.38,0.05,0.32,Matches,Florin Purece,Unirea-Slobozia
ua UKR,DF,33-165,23,23,"2,070",23,6,1,7,4,2,2,5,0,0.26,0.04,0.3,0.17,0.22,Matches,Dmytro Pospielov,Unirea-Slobozia
ro ROU,MF,27-330,26,21,"1,795",19.9,1,0,1,1,0,0,5,0,0.05,0,0.05,0.05,0.05,Matches,Ionuţ Coadă,Unirea-Slobozia
fr FRA,FW,32-208,24,20,"1,757",19.5,5,3,8,5,0,0,4,1,0.26,0.15,0.41,0.26,0.41,Matches,Jordan Gele,Unirea-Slobozia
hr CRO,MF,37-181,27,20,"1,533",17,0,1,1,0,0,0,3,0,0,0.06,0.06,0,0.06,Matches,Adnan Aganović,Unirea-Slobozia
ro ROU,DF,28-281,23,17,"1,555",17.3,2,1,3,2,0,0,0,0,0.12,0.06,0.17,0.12,0.17,Matches,Daniel Şerbănică,Unirea-Slobozia
mx MEX,DF,25-309,19,15,"1,399",15.5,0,0,0,0,0,0,4,0,0,0,0,0,0,Matches,Paolo Medina,Unirea-Slobozia
ro ROU,DF,38-010,21,14,"1,228",13.6,1,1,2,1,0,2,5,0,0.07,0.07,0.15,0.07,0.15,Matches,Constantin Toma,Unirea-Slobozia
ro ROU,DF,20-216,16,12,"1,093",12.1,1,0,1,1,0,0,1,0,0.08,0,0.08,0.08,0.08,Matches,Andrei Cristian Dorobanțu,Unirea-Slobozia
gn GUI,"MF,FW",27-256,20,9,915,10.2,0,2,2,0,0,0,3,0,0,0.2,0.2,0,0.2,Matches,Sékou Camara,Unirea-Slobozia
ro ROU,DF,26-359,15,9,895,9.9,1,0,1,1,0,0,3,1,0.1,0,0.1,0.1,0.1,Matches,Alexandru Ionuț Dinu,Unirea-Slobozia
uy URU,MF,29-311,8,8,711,7.9,0,0,0,0,0,0,3,0,0,0,0,0,0,Matches,Ariel López,Unirea-Slobozia
ua UKR,"FW,MF",31-326,17,7,724,8,1,0,1,1,0,0,0,0,0.12,0,0.12,0.12,0.12,Matches,Dmytro Yusov,Unirea-Slobozia
ro ROU,DF,31-200,9,7,651,7.2,3,0,3,3,0,0,1,0,0.41,0,0.41,0.41,0.41,Matches,Florinel Valentin Ibrian,Unirea-Slobozia
ro ROU,MF,19-308,17,6,628,7,1,1,2,1,0,0,1,0,0.14,0.14,0.29,0.14,0.29,Matches,Laurențiu Vlăsceanu,Unirea-Slobozia
sk SVK,DF,27-022,7,6,534,5.9,1,0,1,1,0,0,0,0,0.17,0,0.17,0.17,0.17,Matches,Filip Blažek,Unirea-Slobozia
ro ROU,MF,26-045,13,5,527,5.9,0,0,0,0,0,0,3,0,0,0,0,0,0,Matches,Stefan Cristinel Pacionel,Unirea-Slobozia
ro ROU,MF,25-213,11,5,520,5.8,0,1,1,0,0,0,1,0,0,0.17,0.17,0,0.17,Matches,Marius Lupu,Unirea-Slobozia
at AUT,GK,32-294,5,5,450,5,0,0,0,0,0,0,0,0,0,0,0,0,0,Matches,Stefan Krell,Unirea-Slobozia
ro ROU,MF,29-345,11,4,399,4.4,0,1,1,0,0,0,1,0,0,0.23,0.23,0,0.23,Matches,Cristian Bărbuț,Unirea-Slobozia
fr FRA,MF,28-306,5,3,346,3.8,0,0,0,0,0,0,3,1,0,0,0,0,0,Matches,Rassambek Akhmatov,Unirea-Slobozia
md MDA,MF,25-232,7,2,261,2.9,0,0,0,0,0,0,0,0,0,0,0,0,0,Matches,Petru Neagu,Unirea-Slobozia
ro ROU,FW,22-261,19,1,286,3.2,1,0,1,1,0,0,0,0,0.31,0,0.31,0.31,0.31,Matches,Filip Ilie,Unirea-Slobozia
sk SVK,FW,31-162,4,1,190,2.1,0,0,0,0,0,0,0,0,0,0,0,0,0,Matches,Jakub Vojtuš,Unirea-Slobozia
ro ROU,DF,33-272,2,1,80,0.9,0,0,0,0,0,0,1,0,0,0,0,0,0,Matches,Gabriel Lazăr,Unirea-Slobozia
ro ROU,GK,23-184,0,0,,,,,,,,,,,,,,,,Matches,Ștefan Georgescu,Unirea-Slobozia
ro ROU,MF,24-262,0,0,,,,,,,,,,,,,,,,Matches,Mihaita Lemnaru,Unirea-Slobozia
be BEL,DF,28-278,22,22,"1,980",22,0,2,2,0,0,0,2,0,0,0.09,0.09,0,0.09,Matches,Alessandro Ciranni,SCM-Gloria-Buzau
ro ROU,MF,24-018,22,22,"1,787",19.9,0,0,0,0,0,0,5,0,0,0,0,0,0,Matches,Constantin Albu,SCM-Gloria-Buzau
cv CPV,MF,26-015,25,20,"1,862",20.7,1,2,3,1,0,0,5,0,0.05,0.1,0.15,0.05,0.15,Matches,David Tavares,SCM-Gloria-Buzau
ro ROU,DF,27-246,26,18,"1,665",18.5,0,0,0,0,0,0,4,0,0,0,0,0,0,Matches,Grigore Ioan Turda,SCM-Gloria-Buzau
br BRA,DF,32-316,22,18,"1,653",18.4,0,0,0,0,0,0,3,0,0,0,0,0,0,Matches,Diego Ferraresso,SCM-Gloria-Buzau
ro ROU,GK,33-237,18,18,"1,620",18,0,0,0,0,0,0,1,0,0,0,0,0,0,Matches,David Lazar,SCM-Gloria-Buzau
,DF,32-337,19,18,"1,471",16.3,1,1,2,1,0,0,4,0,0.06,0.06,0.12,0.06,0.12,Matches,Mike Cestor,SCM-Gloria-Buzau
ro ROU,"MF,FW",25-061,24,18,"1,440",16,2,1,3,2,0,0,2,0,0.12,0.06,0.19,0.12,0.19,Matches,Alexandru Ișfan,SCM-Gloria-Buzau
ro ROU,"MF,FW",36-042,23,17,"1,539",17.1,5,1,6,3,2,2,3,0,0.29,0.06,0.35,0.18,0.23,Matches,Constantin Budescu,SCM-Gloria-Buzau
pt POR,FW,25-008,22,15,"1,399",15.5,6,0,6,5,1,1,3,0,0.39,0,0.39,0.32,0.32,Matches,Ricardo Matos,SCM-Gloria-Buzau
ro ROU,"MF,FW",23-200,20,14,"1,025",11.4,3,2,5,3,0,0,1,0,0.26,0.18,0.44,0.26,0.44,Matches,Alexandru Jipa,SCM-Gloria-Buzau
ro ROU,"DF,MF",29-340,18,13,"1,183",13.1,0,1,1,0,0,0,3,0,0,0.08,0.08,0,0.08,Matches,Denis Dumitrașcu,SCM-Gloria-Buzau
ro ROU,"MF,FW",25-176,19,13,982,10.9,0,2,2,0,0,0,0,0,0,0.18,0.18,0,0.18,Matches,Ion Gheorghe,SCM-Gloria-Buzau
fr FRA,MF,28-306,16,12,"1,064",11.8,0,0,0,0,0,0,2,0,0,0,0,0,0,Matches,Rassambek Akhmatov,SCM-Gloria-Buzau
es ESP,DF,31-291,13,11,"1,101",12.2,0,0,0,0,0,0,4,0,0,0,0,0,0,Matches,Israel Puerto,SCM-Gloria-Buzau
ro ROU,"DF,MF",30-160,15,10,985,10.9,1,0,1,1,0,0,4,0,0.09,0,0.09,0.09,0.09,Matches,Alin Dobrosavlevici,SCM-Gloria-Buzau
ro ROU,GK,32-311,10,10,900,10,0,0,0,0,0,0,0,0,0,0,0,0,0,Matches,Alexandru Greab,SCM-Gloria-Buzau
hr CRO,MF,30-350,15,10,892,9.9,1,0,1,1,0,0,7,0,0.1,0,0.1,0.1,0.1,Matches,Dario Čanađija,SCM-Gloria-Buzau
ro ROU,"MF,FW",21-173,11,9,768,8.5,0,0,0,0,0,0,1,0,0,0,0,0,0,Matches,Luca Mihai,SCM-Gloria-Buzau
hr CRO,DF,29-089,9,8,720,8,0,0,0,0,0,0,3,0,0,0,0,0,0,Matches,Dragan Lovric,SCM-Gloria-Buzau
nl NED,FW,31-250,7,7,600,6.7,3,0,3,3,0,0,3,0,0.45,0,0.45,0.45,0.45,Matches,Kevin Luckassen,SCM-Gloria-Buzau
nl NED,DF,27-146,8,6,533,5.9,0,1,1,0,0,0,1,0,0,0.17,0.17,0,0.17,Matches,Bradley de Nooijer,SCM-Gloria-Buzau
ro ROU,DF,21-079,6,6,495,5.5,0,0,0,0,0,0,2,0,0,0,0,0,0,Matches,Robert Sălceanu,SCM-Gloria-Buzau
ro ROU,"MF,FW",25-199,10,5,410,4.6,1,1,2,1,0,0,1,0,0.22,0.22,0.44,0.22,0.44,Matches,Dragoș Tescan,SCM-Gloria-Buzau
md MDA,GK,31-171,4,4,360,4,0,0,0,0,0,0,1,0,0,0,0,0,0,Matches,Dorian Railean,SCM-Gloria-Buzau
ro ROU,MF,27-008,4,4,278,3.1,0,1,1,0,0,0,1,0,0,0.32,0.32,0,0.32,Matches,Vlad Prejmerean,SCM-Gloria-Buzau
ro ROU,MF,24-176,6,4,272,3,0,0,0,0,0,0,1,0,0,0,0,0,0,Matches,Tudor Călin,SCM-Gloria-Buzau
ro ROU,MF,23-110,8,3,328,3.6,0,0,0,0,0,0,1,0,0,0,0,0,0,Matches,Cristian Dumitru,SCM-Gloria-Buzau
ro ROU,MF,21-255,14,2,471,5.2,0,2,2,0,0,0,1,0,0,0.38,0.38,0,0.38,Matches,Sergiu Pîrvulescu,SCM-Gloria-Buzau
pt POR,MF,27-196,9,2,318,3.5,0,0,0,0,0,0,1,0,0,0,0,0,0,Matches,Vitó Ferreira,SCM-Gloria-Buzau
lv LVA,MF,26-062,6,2,206,2.3,0,1,1,0,0,0,0,0,0,0.44,0.44,0,0.44,Matches,Aleksejs Saveljevs,SCM-Gloria-Buzau
ro ROU,MF,27-093,4,2,154,1.7,0,1,1,0,0,0,0,0,0,0.58,0.58,0,0.58,Matches,Daniel Benzar,SCM-Gloria-Buzau
ro ROU,DF,38-207,2,2,95,1.1,0,0,0,0,0,0,0,0,0,0,0,0,0,Matches,Dragoș Grigore,SCM-Gloria-Buzau
ro ROU,FW,36-054,11,1,353,3.9,1,0,1,1,0,0,1,0,0.25,0,0.25,0.25,0.25,Matches,Alexandru Stan,SCM-Gloria-Buzau
pe PER,MF,30-318,6,1,232,2.6,0,0,0,0,0,0,1,0,0,0,0,0,0,Matches,Cristian Benavente,SCM-Gloria-Buzau
sn SEN,MF,25-196,4,1,181,2,0,0,0,0,0,0,1,0,0,0,0,0,0,Matches,Moha Keita,SCM-Gloria-Buzau
ml MLI,MF,30-002,4,1,131,1.5,0,0,0,0,0,0,1,0,0,0,0,0,0,Matches,Cheick Traoré,SCM-Gloria-Buzau
ro ROU,MF,22-299,1,1,61,0.7,0,0,0,0,0,0,0,0,0,0,0,0,0,Matches,Darius Grosu,SCM-Gloria-Buzau
ro ROU,DF,37-069,2,1,46,0.5,0,0,0,0,0,0,1,0,0,0,0,0,0,Matches,Alexandru Dandea,SCM-Gloria-Buzau
ro ROU,DF,23-082,1,1,45,0.5,0,0,0,0,0,0,0,0,0,0,0,0,0,Matches,Cosmin Gladun,SCM-Gloria-Buzau
ro ROU,FW,26-226,2,0,40,0.4,0,0,0,0,0,0,0,0,0,0,0,0,0,Matches,Andreas Mihaiu,SCM-Gloria-Buzau
cm CMR,"FW,MF",28-294,2,0,35,0.4,0,0,0,0,0,0,1,0,0,0,0,0,0,Matches,James Lea Siliki,SCM-Gloria-Buzau
ro ROU,GK,22-209,0,0,,,,,,,,,,,,,,,,Matches,Dragoș Horeboiu,SCM-Gloria-Buzau
