player,team_name,nationality,position,age,games,games_starts,minutes,minutes_90s,goals,assists,goals_assists,goals_pens,pens_made,pens_att,cards_yellow,cards_red,goals_per90,assists_per90,goals_assists_per90,goals_pens_per90,goals_assists_pens_per90
Stefan Târnovanu,FCSB,ro ROU,GK,24,31,31,"2,790",31,0,0,0,0,0,0,2,0,0,0,0,0,0
Joyskim Dawa,FCSB,cm CMR,DF,28,27,26,"2,324",25,1,0,1,1,0,0,10,2,0,0,0,0,0
Adrian Șut,FCSB,ro ROU,MF,25,24,23,"2,016",22,1,5,6,1,0,0,6,1,0,0,0,0,0
Valentin Crețu,FCSB,ro ROU,DF,36,29,22,"2,093",23,1,3,4,1,0,0,5,0,0,0,0,0,0
Risto Radunović,FCSB,me MNE,DF,32,24,20,"1,915",21,1,6,7,1,0,1,6,0,0,0,0,0,0
Florin Tănase,FCSB,ro ROU,"MF,FW",30,21,17,"1,458",16,4,2,6,2,2,2,5,1,0,0,0,0,0
Marius Ştefănescu,FCSB,ro ROU,"MF,FW",26,24,17,"1,188",13,1,3,4,1,0,0,0,0,0,0,0,0,0
Mihai Popescu,FCSB,ro ROU,DF,31,18,16,"1,431",15,0,1,1,0,0,0,2,1,0,0,0,0,0
Siyabonga Ngezana,FCSB,za RSA,DF,27,17,16,"1,304",14,1,0,1,1,0,0,5,1,0,0,0,0,0
Daniel Birligea,FCSB,ro ROU,FW,24,18,15,"1,340",14,11,1,12,11,0,0,3,0,0,0,0,0,0
David Miculescu,FCSB,ro ROU,"MF,FW",23,31,14,"1,492",16,5,1,6,5,0,0,2,0,0,0,0,0,0
Darius Olaru,FCSB,ro ROU,MF,27,16,14,"1,175",13,8,3,11,6,2,3,3,1,0,0,0,0,0
Alexandru Băluță,FCSB,ro ROU,"MF,FW",31,25,14,"1,163",12,3,2,5,3,0,1,1,0,0,0,0,0,0
Vlad Chiricheș,FCSB,ro ROU,"MF,DF",35,18,13,"1,229",13,0,0,0,0,0,0,5,0,0,0,0,0,0
Malcolm Edjouma,FCSB,fr FRA,MF,28,21,9,835,9,0,0,0,0,0,0,3,0,0,0,0,0,0
Baba Alhassan,FCSB,gh GHA,MF,25,23,8,"1,017",11,2,0,2,2,0,0,4,1,0,0,0,0,0
Daniel Popa,FCSB,ro ROU,"FW,MF",30,15,8,665,7,0,1,1,0,0,0,1,0,0,0,0,0,0
Octavian-George Popescu,FCSB,ro ROU,"MF,FW",22,11,8,621,6,2,1,3,2,0,0,2,0,0,0,0,0,0
Ionuț Panțîru,FCSB,ro ROU,DF,29,8,8,611,6,0,0,0,0,0,0,0,0,0,0,0,0,0
Alexandru Musi,FCSB,ro ROU,"MF,FW",20,20,7,932,10,3,1,4,3,0,0,1,0,0,0,0,0,0
Juri Cisotti,FCSB,it ITA,MF,31,9,7,647,7,1,2,3,1,0,0,3,0,0,0,0,0,0
Andrei Gheorghiță,FCSB,ro ROU,"MF,FW",22,7,7,374,4,0,0,0,0,0,0,1,0,0,0,0,0,0
Alexandru Pantea,FCSB,ro ROU,DF,21,8,6,407,4,0,0,0,0,0,0,1,0,0,0,0,0,0
Mihai Lixandru,FCSB,ro ROU,MF,23,7,6,383,4,1,0,1,1,0,0,0,0,0,0,0,0,0
Mihai Toma,FCSB,ro ROU,"FW,MF",18,10,5,552,6,0,1,1,0,0,0,1,0,0,0,0,0,0
David Kiki,FCSB,bj BEN,DF,31,4,4,354,3,0,0,0,0,0,0,0,0,0,0,0,0,0
Nana Kwame Antwi,FCSB,gh GHA,DF,24,4,3,245,2,0,0,0,0,0,0,1,0,0,0,0,0,0
William Baeten,FCSB,be BEL,MF,28,9,2,280,3,0,0,0,0,0,0,1,0,0,0,0,0,0
Jordan Gele,FCSB,fr FRA,FW,32,5,2,183,2,1,0,1,1,0,0,2,0,0,0,0,0,0
Luis Phelipe,FCSB,br BRA,MF,24,7,2,183,2,0,0,0,0,0,0,0,0,0,0,0,0,0
Denis Haruț,FCSB,ro ROU,DF,26,1,1,90,1,0,0,0,0,0,0,0,0,0,0,0,0,0
Andrei Vlad,FCSB,ro ROU,GK,25,1,1,90,1,0,0,0,0,0,0,0,0,0,0,0,0,0
Alexandru Stoian,FCSB,ro ROU,FW,17,1,0,45,0,0,0,0,0,0,0,0,0,0,0,0,0,0
Andrei Pandele,FCSB,ro ROU,MF,21,1,0,41,0,0,0,0,0,0,0,0,0,0,0,0,0,0
Ionuț Cercel,FCSB,ro ROU,MF,18,0,0,,0,0,0,0,0,0,0,0,0,0,0,0,0,0
Denis Colibasanu,FCSB,ro ROU,FW,18,0,0,,0,0,0,0,0,0,0,0,0,0,0,0,0,0
Andrei Dăncuș,FCSB,ro ROU,DF,16,0,0,,0,0,0,0,0,0,0,0,0,0,0,0,0,0
Robert Necsulescu,FCSB,ro ROU,FW,17,0,0,,0,0,0,0,0,0,0,0,0,0,0,0,0,0
David Popa,FCSB,ro ROU,FW,18,0,0,,0,0,0,0,0,0,0,0,0,0,0,0,0,0
Mihai Udrea,FCSB,ro ROU,GK,23,0,0,,0,0,0,0,0,0,0,0,0,0,0,0,0,0
Lukáš Zima,FCSB,cz CZE,GK,31,0,0,,0,0,0,0,0,0,0,0,0,0,0,0,0,0
Bolgado,CFR-Cluj,br BRA,DF,26,27,26,"2,334",25,1,1,2,1,0,0,5,0,0,0,0,0,0
Damjan Đoković,CFR-Cluj,hr CRO,MF,34,27,26,"2,137",23,2,1,3,2,0,0,4,0,0,0,0,0,0
Louis Munteanu,CFR-Cluj,ro ROU,FW,22,27,25,"2,156",24,20,2,22,16,4,6,4,0,0,0,0,0,0
Matei Ilie,CFR-Cluj,ro ROU,DF,22,24,22,"2,025",22,1,0,1,1,0,0,4,0,0,0,0,0,0
Simão Rocha,CFR-Cluj,pt POR,DF,24,25,22,"1,982",22,1,5,6,1,0,0,6,0,0,0,0,0,0
Alin Fica,CFR-Cluj,ro ROU,MF,23,27,22,"1,896",21,2,2,4,2,0,0,3,0,0,0,0,0,0
Otto Hindrich,CFR-Cluj,ro ROU,GK,22,19,19,"1,710",19,0,0,0,0,0,0,2,0,0,0,0,0,0
Alexandru Păun,CFR-Cluj,ro ROU,"MF,FW",30,28,18,"1,549",17,3,5,8,3,0,0,1,0,0,0,0,0,0
Meriton Korenica,CFR-Cluj,xk KVX,"MF,FW",28,31,17,"1,787",19,6,4,10,6,0,0,3,0,0,0,0,0,0
Camora,CFR-Cluj,ro ROU,DF,38,19,17,"1,445",16,0,2,2,0,0,0,0,0,0,0,0,0,0
Kesselly Kamara,CFR-Cluj,lr LBR,"FW,MF",27,23,17,"1,298",14,7,1,8,6,1,1,12,2,0,0,0,0,0
Virgiliu Postolachi,CFR-Cluj,md MDA,"FW,MF",25,25,16,"1,332",14,4,2,6,4,0,0,2,0,0,0,0,0,0
Béni NKololo,CFR-Cluj,,"FW,MF",28,21,12,"1,110",12,2,6,8,2,0,0,1,0,0,0,0,0,0
Aly Abeid,CFR-Cluj,mr MTN,DF,27,16,12,"1,096",12,0,0,0,0,0,0,0,0,0,0,0,0,0
Ciprian Deac,CFR-Cluj,ro ROU,"FW,MF",39,15,12,905,10,2,2,4,1,1,1,0,0,0,0,0,0,0
Daniel Graovac,CFR-Cluj,ba BIH,DF,31,14,10,899,10,0,1,1,0,0,0,2,0,0,0,0,0,0
Panagiotis Tachtsidis,CFR-Cluj,gr GRE,MF,34,15,9,843,9,2,1,3,2,0,0,2,0,0,0,0,0,0
Kader Keita,CFR-Cluj,ci CIV,MF,24,13,9,796,8,0,1,1,0,0,0,1,0,0,0,0,0,0
Vasile Mogos,CFR-Cluj,ro ROU,DF,32,15,8,859,9,0,1,1,0,0,0,2,0,0,0,0,0,0
Mihai Popa,CFR-Cluj,ro ROU,GK,24,8,8,720,8,0,0,0,0,0,0,0,0,0,0,0,0,0
Andrei Artean,CFR-Cluj,ro ROU,MF,31,15,5,510,5,0,0,0,0,0,0,0,0,0,0,0,0,0
Razvan Sava,CFR-Cluj,ro ROU,GK,22,5,5,450,5,0,0,0,0,0,0,0,0,0,0,0,0,0
Matija Boben,CFR-Cluj,si SVN,DF,31,5,4,389,4,0,0,0,0,0,0,1,0,0,0,0,0,0
Peter Godly Michael,CFR-Cluj,ng NGA,FW,26,13,3,265,2,2,1,3,2,0,0,1,0,0,0,1,0,1
Armend Thaqi,CFR-Cluj,xk KVX,DF,32,4,3,226,2,0,0,0,0,0,0,0,0,0,0,0,0,0
Anton Krešić,CFR-Cluj,hr CRO,DF,29,3,2,195,2,0,0,0,0,0,0,1,0,0,0,0,0,0
Daniel Birligea,CFR-Cluj,ro ROU,FW,24,5,1,165,1,2,2,4,2,0,0,1,0,1,1,2,1,2
Arlind Ajeti,CFR-Cluj,al ALB,DF,31,1,1,88,1,0,0,0,0,0,0,1,0,0,0,0,0,0
Flavius Iacob,CFR-Cluj,ro ROU,DF,24,1,1,45,0,0,0,0,0,0,0,0,0,0,0,0,0,0
Lindon Emërllahu,CFR-Cluj,xk KVX,MF,22,6,0,200,2,0,0,0,0,0,0,2,0,0,0,0,0,0
Stipe Juric,CFR-Cluj,ba BIH,FW,26,6,0,75,0,0,0,0,0,0,0,0,0,0,0,0,0,0
Andres Sfait,CFR-Cluj,ro ROU,MF,20,4,0,40,0,0,0,0,0,0,0,0,0,0,0,0,0,0
Robert Filip,CFR-Cluj,ro ROU,MF,23,4,0,37,0,1,0,1,1,0,0,1,0,2,0,2,2,2
Karlo Muhar,CFR-Cluj,hr CRO,MF,29,2,0,23,0,0,0,0,0,0,0,0,0,0,0,0,0,0
Moustapha Name,CFR-Cluj,sn SEN,MF,29,3,0,20,0,0,1,1,0,0,0,0,0,0,4,4,0,4
Mircea Ţîrlea,CFR-Cluj,ro ROU,DF,25,1,0,12,0,0,0,0,0,0,0,0,0,0,0,0,0,0
Rareș Gal,CFR-Cluj,ro ROU,GK,24,0,0,,0,0,0,0,0,0,0,0,0,0,0,0,0,0
Razvan Gligor,CFR-Cluj,ro ROU,MF,18,0,0,,0,0,0,0,0,0,0,0,0,0,0,0,0,0
Viktor Kun,CFR-Cluj,,MF,0,0,0,,0,0,0,0,0,0,0,0,0,0,0,0,0,0
Tudor Lucaci,CFR-Cluj,ro ROU,MF,21,0,0,,0,0,0,0,0,0,0,0,0,0,0,0,0,0
Andrei Peteleu,CFR-Cluj,ro ROU,DF,32,0,0,,0,0,0,0,0,0,0,0,0,0,0,0,0,0
Mihai Pînzariu,CFR-Cluj,ro ROU,GK,20,0,0,,0,0,0,0,0,0,0,0,0,0,0,0,0,0
Mihai Răcășan,CFR-Cluj,ro ROU,GK,17,0,0,,0,0,0,0,0,0,0,0,0,0,0,0,0,0
Sheriff Sinyan,CFR-Cluj,gm GAM,"DF,MF",28,0,0,,0,0,0,0,0,0,0,0,0,0,0,0,0,0
Laurențiu Popescu,CS-Universitatea-Craiova,ro ROU,GK,28,32,32,"2,880",32,0,0,0,0,0,0,3,0,0,0,0,0,0
Denil Maldonado,CS-Universitatea-Craiova,hn HON,DF,26,29,28,"2,477",27,4,1,5,4,0,0,6,0,0,0,0,0,0
Nicușor Bancu,CS-Universitatea-Craiova,ro ROU,DF,32,28,26,"2,385",26,1,4,5,1,0,0,7,0,0,0,0,0,0
Stefan Baiaram,CS-Universitatea-Craiova,ro ROU,"MF,FW",22,30,26,"2,031",22,10,3,13,10,0,0,5,0,0,0,0,0,0
Alexandru Mitriță,CS-Universitatea-Craiova,ro ROU,"MF,FW",30,29,24,"2,298",25,14,7,21,10,4,5,9,0,0,0,0,0,0
Takuto Oshima,CS-Universitatea-Craiova,jp JPN,MF,26,26,23,"1,925",21,1,2,3,1,0,0,5,0,0,0,0,0,0
Carlos Mora,CS-Universitatea-Craiova,cr CRC,"DF,MF",24,26,18,"1,608",17,1,2,3,1,0,0,1,0,0,0,0,0,0
Vladimir Screciu,CS-Universitatea-Craiova,ro ROU,"MF,DF",25,23,18,"1,601",17,0,1,1,0,0,0,4,0,0,0,0,0,0
Anzor Mekvabishvili,CS-Universitatea-Craiova,ge GEO,MF,23,21,15,"1,365",15,3,1,4,3,0,0,1,0,0,0,0,0,0
Lyes Houri,CS-Universitatea-Craiova,fr FRA,MF,29,24,14,"1,294",14,1,3,4,0,1,2,3,0,0,0,0,0,0
Juraj Badelj,CS-Universitatea-Craiova,hr CRO,DF,21,17,14,"1,239",13,0,1,1,0,0,0,1,0,0,0,0,0,0
Luis Javier Paradela,CS-Universitatea-Craiova,cu CUB,"MF,FW",28,17,14,930,10,3,1,4,3,0,0,6,0,0,0,0,0,0
Gjoko Zajkov,CS-Universitatea-Craiova,mk MKD,DF,30,14,12,"1,134",12,1,0,1,1,0,0,0,0,0,0,0,0,0
Ștefan Vlădoiu,CS-Universitatea-Craiova,ro ROU,DF,26,17,12,"1,023",11,0,1,1,0,0,0,6,1,0,0,0,0,0
Elvir Koljić,CS-Universitatea-Craiova,ba BIH,FW,29,18,11,"1,013",11,3,0,3,2,1,1,3,0,0,0,0,0,0
Mihai Căpățînă,CS-Universitatea-Craiova,ro ROU,"MF,DF",29,18,10,917,10,1,0,1,1,0,0,2,0,0,0,0,0,0
Safira,CS-Universitatea-Craiova,br BRA,FW,30,9,9,751,8,1,3,4,1,0,0,3,0,0,0,0,0,0
Alexandru Cicâldău,CS-Universitatea-Craiova,ro ROU,MF,27,13,8,750,8,3,0,3,2,1,1,2,0,0,0,0,0,0
Andrei Ivan,CS-Universitatea-Craiova,ro ROU,"MF,FW",28,16,8,709,7,0,2,2,0,0,0,1,0,0,0,0,0,0
Jovo Lukić,CS-Universitatea-Craiova,ba BIH,FW,26,20,7,790,8,2,0,2,2,0,0,1,0,0,0,0,0,0
Grego Sierra,CS-Universitatea-Craiova,es ESP,DF,32,8,7,587,6,0,0,0,0,0,0,1,0,0,0,0,0,0
Stefan Bana,CS-Universitatea-Craiova,ro ROU,MF,20,23,5,643,7,1,2,3,1,0,0,1,0,0,0,0,0,0
Basilio Owono,CS-Universitatea-Craiova,gq EQG,DF,26,10,5,424,4,0,1,1,0,0,0,2,0,0,0,0,0,0
Alexandru Crețu,CS-Universitatea-Craiova,ro ROU,MF,32,5,2,257,2,0,1,1,0,0,0,3,1,0,0,0,0,0
Iago López,CS-Universitatea-Craiova,es ESP,DF,25,3,2,194,2,0,0,0,0,0,0,0,0,0,0,0,0,0
Vasile Mogos,CS-Universitatea-Craiova,ro ROU,DF,32,3,1,86,1,0,0,0,0,0,0,0,0,0,0,0,0,0
Marian Danciu,CS-Universitatea-Craiova,ro ROU,MF,22,1,1,59,0,0,0,0,0,0,0,0,0,0,0,0,0,0
David Barbu,CS-Universitatea-Craiova,ro ROU,FW,18,11,0,259,2,0,1,1,0,0,0,0,0,0,0,0,0,0
Denis Benga,CS-Universitatea-Craiova,ro ROU,DF,19,0,0,,0,0,0,0,0,0,0,0,0,0,0,0,0,0
Florin Gaspar,CS-Universitatea-Craiova,ro ROU,DF,17,0,0,,0,0,0,0,0,0,0,0,0,0,0,0,0,0
Robert Lăpădătescu,CS-Universitatea-Craiova,ro ROU,MF,18,0,0,,0,0,0,0,0,0,0,0,0,0,0,0,0,0
David Lazar,CS-Universitatea-Craiova,ro ROU,GK,33,0,0,,0,0,0,0,0,0,0,0,0,0,0,0,0,0
Silviu Lung Jr.,CS-Universitatea-Craiova,ro ROU,GK,35,0,0,,0,0,0,0,0,0,0,0,0,0,0,0,0,0
Jovan Marković,CS-Universitatea-Craiova,ro ROU,FW,24,0,0,,0,0,0,0,0,0,0,0,0,0,0,0,0,0
Mihai Ninaci,CS-Universitatea-Craiova,ro ROU,FW,16,0,0,,0,0,0,0,0,0,0,0,0,0,0,0,0,0
Marcus Pacurar,CS-Universitatea-Craiova,it ITA,DF,19,0,0,,0,0,0,0,0,0,0,0,0,0,0,0,0,0
Relu Stoian,CS-Universitatea-Craiova,ro ROU,GK,29,0,0,,0,0,0,0,0,0,0,0,0,0,0,0,0,0
Dan Nistor,Universitatea-Cluj,ro ROU,"MF,FW",36,32,31,"2,715",30,10,6,16,2,8,9,4,0,0,0,0,0,0
Alexandru Chipciu,Universitatea-Cluj,ro ROU,DF,35,30,30,"2,700",30,0,2,2,0,0,0,9,0,0,0,0,0,0
Ovidiu Bic,Universitatea-Cluj,ro ROU,MF,31,30,30,"2,439",27,1,3,4,1,0,0,6,0,0,0,0,0,0
Edvinas Gertmonas,Universitatea-Cluj,lt LTU,GK,28,28,28,"2,520",28,0,0,0,0,0,0,5,0,0,0,0,0,0
Lucas Masoero,Universitatea-Cluj,ar ARG,DF,30,28,28,"2,507",27,5,1,6,5,0,0,7,0,0,0,0,0,0
Mamadou Thiam,Universitatea-Cluj,sn SEN,"FW,MF",30,30,28,"2,371",26,8,4,12,8,0,0,5,0,0,0,0,0,0
Iulian Cristea,Universitatea-Cluj,ro ROU,DF,30,27,26,"2,244",24,2,0,2,2,0,0,6,1,0,0,0,0,0
Radu Boboc,Universitatea-Cluj,ro ROU,DF,25,27,22,"1,927",21,1,2,3,1,0,0,7,0,0,0,0,0,0
Gabriel Simion,Universitatea-Cluj,ro ROU,MF,26,28,21,"1,808",20,0,1,1,0,0,0,5,0,0,0,0,0,0
Vladislav Blanuta,Universitatea-Cluj,ro ROU,FW,23,29,20,"1,816",20,11,3,14,11,0,0,5,0,0,0,0,0,0
Ovidiu Popescu,Universitatea-Cluj,ro ROU,MF,31,18,12,"1,010",11,1,0,1,1,0,0,5,0,0,0,0,0,0
Jasper van der Werff,Universitatea-Cluj,ch SUI,DF,26,12,11,893,9,0,1,1,0,0,0,1,0,0,0,0,0,0
Vadim Rață,Universitatea-Cluj,md MDA,MF,31,21,10,933,10,0,1,1,0,0,0,4,0,0,0,0,0,0
Andrei Artean,Universitatea-Cluj,ro ROU,MF,31,11,10,913,10,0,0,0,0,0,0,3,0,0,0,0,0,0
Dorinel Oancea,Universitatea-Cluj,ro ROU,DF,27,19,9,814,9,0,0,0,0,0,0,3,0,0,0,0,0,0
Robert Silaghi,Universitatea-Cluj,ro ROU,"MF,FW",22,16,7,621,6,0,0,0,0,0,0,2,0,0,0,0,0,0
Hildeberto Pereira,Universitatea-Cluj,pt POR,"FW,MF",29,7,5,361,4,1,0,1,1,0,0,2,0,0,0,0,0,0
Ştefan Lefter,Universitatea-Cluj,ro ROU,GK,20,4,4,360,4,0,0,0,0,0,0,0,0,0,0,0,0,0
Răzvan Oaidă,Universitatea-Cluj,ro ROU,MF,27,6,4,234,2,0,0,0,0,0,0,0,0,0,0,0,0,0
Artur Miranyan,Universitatea-Cluj,am ARM,FW,29,17,3,539,6,3,0,3,3,0,0,1,0,0,0,0,0,0
Adel Bettaieb,Universitatea-Cluj,tn TUN,FW,28,14,2,463,5,0,0,0,0,0,0,0,0,0,0,0,0,0
Dorin Codrea,Universitatea-Cluj,ro ROU,MF,27,20,2,401,4,0,0,0,0,0,0,1,0,0,0,0,0,0
Franck Tchassem,Universitatea-Cluj,cm CMR,FW,25,8,2,216,2,0,0,0,0,0,0,0,0,0,0,0,0,0
Issouf Macalou,Universitatea-Cluj,ci CIV,"MF,FW",26,2,2,170,1,0,0,0,0,0,0,0,0,0,0,0,0,0
Alexandru Bota,Universitatea-Cluj,ro ROU,MF,17,5,2,140,1,0,0,0,0,0,0,0,0,0,0,0,0,0
Daniel Lasure,Universitatea-Cluj,es ESP,DF,31,3,2,136,1,0,0,0,0,0,0,3,0,0,0,0,0,0
Andrej Fábry,Universitatea-Cluj,sk SVK,FW,28,3,1,160,1,1,0,1,1,0,0,0,0,0,0,0,0,0
Bogdan Mitrea,Universitatea-Cluj,ro ROU,DF,37,13,0,190,2,0,0,0,0,0,0,0,0,0,0,0,0,0
Matei Moraru,Universitatea-Cluj,ro ROU,MF,19,2,0,27,0,0,0,0,0,0,0,0,0,0,0,0,0,0
Mario Șfaiț,Universitatea-Cluj,ro ROU,FW,20,1,0,10,0,0,0,0,0,0,0,0,0,0,0,0,0,0
Vlad Stefan,Universitatea-Cluj,ro ROU,MF,22,1,0,5,0,0,0,0,0,0,0,0,0,0,0,0,0,0
Andrei Gorcea,Universitatea-Cluj,ro ROU,GK,23,0,0,,0,0,0,0,0,0,0,0,0,0,0,0,0,0
Patrik Kis,Universitatea-Cluj,ro ROU,GK,20,0,0,,0,0,0,0,0,0,0,0,0,0,0,0,0,0
Denis Moldovan,Universitatea-Cluj,ro ROU,GK,20,0,0,,0,0,0,0,0,0,0,0,0,0,0,0,0,0
Ștefan Opriș,Universitatea-Cluj,ro ROU,MF,18,0,0,,0,0,0,0,0,0,0,0,0,0,0,0,0,0
Antonio Suciu,Universitatea-Cluj,ro ROU,MF,18,0,0,,0,0,0,0,0,0,0,0,0,0,0,0,0,0
Eddy Gnahoré,Dinamo-Bucuresti,fr FRA,MF,31,31,31,"2,786",31,2,1,3,2,0,0,3,0,0,0,0,0,0
Cătălin Cîrjan,Dinamo-Bucuresti,ro ROU,MF,22,31,31,"2,452",27,7,1,8,7,0,0,5,0,0,0,0,0,0
Astrit Seljmani,Dinamo-Bucuresti,xk KVX,FW,27,30,30,"2,646",29,12,6,18,6,6,6,10,0,0,0,0,0,0
Georgi Milanov,Dinamo-Bucuresti,bg BUL,"MF,FW",33,31,28,"2,107",23,0,3,3,0,0,0,3,0,0,0,0,0,0
Raul Oprut,Dinamo-Bucuresti,ro ROU,DF,27,27,26,"2,264",25,1,0,1,1,0,0,7,2,0,0,0,0,0
Kennedy Boateng,Dinamo-Bucuresti,tg TOG,DF,28,25,25,"2,233",24,2,2,4,2,0,0,6,0,0,0,0,0,0
Maxime Sivis,Dinamo-Bucuresti,fr FRA,DF,27,26,24,"1,653",18,0,1,1,0,0,0,3,2,0,0,0,0,0
Josué Homawoo,Dinamo-Bucuresti,tg TOG,DF,27,24,22,"1,946",21,1,0,1,1,0,0,6,1,0,0,0,0,0
Patrick Olsen,Dinamo-Bucuresti,dk DEN,MF,30,22,22,"1,930",21,1,0,1,1,0,0,9,0,0,0,0,0,0
Dennis Politic,Dinamo-Bucuresti,ro ROU,"FW,MF",25,23,19,"1,542",17,6,2,8,5,1,1,4,0,0,0,0,0,0
Alexandru Roșca,Dinamo-Bucuresti,ro ROU,GK,21,17,16,"1,486",16,0,0,0,0,0,0,0,0,0,0,0,0,0
Adnan Golubović,Dinamo-Bucuresti,si SVN,GK,29,16,16,"1,394",15,0,0,0,0,0,0,3,0,0,0,0,0,0
Hakim Abdallah,Dinamo-Bucuresti,mg MAD,"FW,MF",27,23,14,"1,250",13,4,4,8,4,0,0,1,0,0,0,0,0,0
Cristian Costin,Dinamo-Bucuresti,ro ROU,DF,26,26,10,"1,287",14,0,1,1,0,0,0,5,0,0,0,0,0,0
Răzvan Patriche,Dinamo-Bucuresti,ro ROU,DF,38,19,8,844,9,0,0,0,0,0,0,3,0,0,0,0,0,0
Iulius Marginean,Dinamo-Bucuresti,ro ROU,"DF,MF",23,23,6,773,8,0,1,1,0,0,0,3,0,0,0,0,0,0
Andrei Bani,Dinamo-Bucuresti,ro ROU,FW,22,12,5,598,6,1,3,4,1,0,0,2,0,0,0,0,0,0
Stipe Perica,Dinamo-Bucuresti,hr CRO,FW,29,8,5,533,5,3,0,3,3,0,0,1,0,0,0,0,0,0
Cristian Licsandru,Dinamo-Bucuresti,ro ROU,DF,22,9,4,439,4,0,0,0,0,0,0,1,0,0,0,0,0,0
Antonio Luna,Dinamo-Bucuresti,es ESP,DF,34,8,2,301,3,0,0,0,0,0,0,1,0,0,0,0,0,0
Alexandru Pop,Dinamo-Bucuresti,ro ROU,FW,25,9,2,212,2,0,0,0,0,0,0,0,0,0,0,0,0,0
Alberto Soro,Dinamo-Bucuresti,es ESP,"MF,FW",26,6,2,205,2,0,0,0,0,0,0,1,0,0,0,0,0,0
Antonio Bordusanu,Dinamo-Bucuresti,ro ROU,"MF,FW",20,8,2,187,2,0,0,0,0,0,0,0,0,0,0,0,0,0
Costin Amzăr,Dinamo-Bucuresti,ro ROU,DF,21,5,2,182,2,0,0,0,0,0,0,0,0,0,0,0,0,0
Petru Neagu,Dinamo-Bucuresti,md MDA,MF,25,5,0,143,1,1,0,1,1,0,0,0,0,0,0,0,0,0
Adrian Caragea,Dinamo-Bucuresti,ro ROU,MF,19,11,0,137,1,0,0,0,0,0,0,0,0,0,0,0,0,0
Raul Rotund,Dinamo-Bucuresti,ro ROU,MF,19,2,0,21,0,0,0,0,0,0,0,0,0,0,0,0,0,0
Dragoș Irimia,Dinamo-Bucuresti,ro ROU,MF,18,1,0,20,0,0,0,0,0,0,0,0,0,0,0,0,0,0
Antonio Cristea,Dinamo-Bucuresti,ro ROU,MF,16,0,0,,0,0,0,0,0,0,0,0,0,0,0,0,0,0
Andrei Florescu,Dinamo-Bucuresti,ro ROU,FW,22,0,0,,0,0,0,0,0,0,0,0,0,0,0,0,0,0
Eduard Ilincas,Dinamo-Bucuresti,ro ROU,MF,15,0,0,,0,0,0,0,0,0,0,0,0,0,0,0,0,0
Răzvan Pașcalău,Dinamo-Bucuresti,ro ROU,DF,20,0,0,,0,0,0,0,0,0,0,0,0,0,0,0,0,0
Casian Soare,Dinamo-Bucuresti,ro ROU,MF,18,0,0,,0,0,0,0,0,0,0,0,0,0,0,0,0,0
Alexandru Stoian,Dinamo-Bucuresti,ro ROU,GK,20,0,0,,0,0,0,0,0,0,0,0,0,0,0,0,0,0
Claudiu Petrila,Rapid-Bucuresti,ro ROU,"MF,FW",24,28,28,"2,339",26,7,9,16,4,3,3,4,1,0,0,0,0,0
Alexandru Pașcanu,Rapid-Bucuresti,ro ROU,DF,26,27,27,"2,423",26,3,1,4,3,0,0,4,0,0,0,0,0,0
Andrei Borza,Rapid-Bucuresti,ro ROU,"DF,MF",19,27,24,"2,180",24,1,1,2,1,0,0,6,1,0,0,0,0,0
Tobias Christensen,Rapid-Bucuresti,no NOR,MF,24,23,23,"1,906",21,1,3,4,1,0,0,4,0,0,0,0,0,0
Cristian Manea,Rapid-Bucuresti,ro ROU,DF,27,23,21,"1,883",20,0,2,2,0,0,0,4,0,0,0,0,0,0
Mihai Aioani,Rapid-Bucuresti,ro ROU,GK,25,19,19,"1,709",19,0,0,0,0,0,0,2,0,0,0,0,0,0
Mattias Käit,Rapid-Bucuresti,ee EST,MF,26,22,16,"1,598",17,1,1,2,1,0,0,2,0,0,0,0,0,0
Cristian Ignat,Rapid-Bucuresti,ro ROU,DF,22,20,16,"1,579",17,0,0,0,0,0,0,4,0,0,0,0,0,0
Christopher Braun,Rapid-Bucuresti,de GER,DF,33,19,16,"1,448",16,2,0,2,2,0,0,1,1,0,0,0,0,0
Jakub Hromada,Rapid-Bucuresti,sk SVK,MF,28,17,15,990,11,0,0,0,0,0,0,4,1,0,0,0,0,0
Borisav Burmaz,Rapid-Bucuresti,rs SRB,FW,23,25,13,"1,284",14,1,0,1,1,0,0,1,0,0,0,0,0,0
Benjamin Siegrist,Rapid-Bucuresti,ch SUI,GK,33,13,13,"1,170",13,0,0,0,0,0,0,1,0,0,0,0,0,0
Razvan Onea,Rapid-Bucuresti,ro ROU,"MF,DF",26,15,11,"1,027",11,0,0,0,0,0,0,3,0,0,0,0,0,0
Denis Ciobotariu,Rapid-Bucuresti,ro ROU,DF,26,10,10,900,10,3,1,4,3,0,0,1,0,0,0,0,0,0
Mihai Dobre,Rapid-Bucuresti,ro ROU,"MF,FW",26,19,9,980,10,6,0,6,6,0,0,2,0,0,0,0,0,0
Rareș Pop,Rapid-Bucuresti,ro ROU,"MF,FW",19,20,9,795,8,3,1,4,3,0,0,1,0,0,0,0,0,0
Aaron Boupendza,Rapid-Bucuresti,ga GAB,FW,28,9,9,789,8,3,0,3,1,2,2,2,0,0,0,0,0,0
Claudiu Micovschi,Rapid-Bucuresti,ro ROU,"FW,DF",25,24,7,767,8,0,2,2,0,0,0,2,0,0,0,0,0,0
Cristian Săpunaru,Rapid-Bucuresti,ro ROU,DF,40,8,7,503,5,0,0,0,0,0,0,4,0,0,0,0,0,0
Luka Gojković,Rapid-Bucuresti,rs SRB,MF,25,15,6,693,7,0,2,2,0,0,0,1,1,0,0,0,0,0
Florent Hasani,Rapid-Bucuresti,xk KVX,"MF,FW",28,14,6,539,6,1,1,2,1,0,0,0,0,0,0,0,0,0
Elvir Koljić,Rapid-Bucuresti,ba BIH,FW,29,6,6,394,4,1,0,1,1,0,0,2,0,0,0,0,0,0
Clinton N'Jie,Rapid-Bucuresti,cm CMR,FW,31,9,6,388,4,1,0,1,1,0,0,2,0,0,0,0,0,0
Constantin Grameni,Rapid-Bucuresti,ro ROU,MF,22,15,5,420,4,0,0,0,0,0,0,1,0,0,0,0,0,0
Jayson Papeau,Rapid-Bucuresti,fr FRA,MF,28,8,5,384,4,1,0,1,1,0,0,1,0,0,0,0,0,0
Filip Blažek,Rapid-Bucuresti,sk SVK,DF,27,4,4,321,3,1,0,1,1,0,0,1,0,0,0,0,0,0
Paul Iacob,Rapid-Bucuresti,ro ROU,"DF,MF",28,5,4,309,3,0,0,0,0,0,0,1,0,0,0,0,0,0
Xian Emmers,Rapid-Bucuresti,be BEL,MF,25,13,3,463,5,0,0,0,0,0,0,0,0,0,0,0,0,0
Timotej Jambor,Rapid-Bucuresti,sk SVK,FW,21,10,3,358,4,0,1,1,0,0,0,1,0,0,0,0,0,0
Răzvan Oaidă,Rapid-Bucuresti,ro ROU,MF,27,6,3,316,3,0,0,0,0,0,0,0,0,0,0,0,0,0
Kader Keita,Rapid-Bucuresti,ci CIV,MF,24,4,2,189,2,0,0,0,0,0,0,1,0,0,0,0,0,0
Albion Rrahmani,Rapid-Bucuresti,xk KVX,FW,24,3,2,181,2,1,1,2,0,1,1,0,0,0,0,0,0,0
Diogo Mendes,Rapid-Bucuresti,cv CPV,MF,27,2,2,131,1,0,0,0,0,0,0,1,0,0,0,0,0,0
David Akpan Ankeye,Rapid-Bucuresti,ng NGA,FW,23,5,1,127,1,0,0,0,0,0,0,0,0,0,0,0,0,0
Orlando Gill,Rapid-Bucuresti,ro ROU,MF,24,2,1,95,1,0,0,0,0,0,0,1,0,0,0,0,0,0
Omar El Sawy,Rapid-Bucuresti,ro ROU,MF,21,3,0,41,0,0,0,0,0,0,0,1,0,0,0,0,0,0
Gabriel Gheorghe,Rapid-Bucuresti,ro ROU,MF,18,1,0,12,0,0,0,0,0,0,0,0,0,0,0,0,0,0
Peter Ademo,Rapid-Bucuresti,ng NGA,MF,22,1,0,8,0,0,0,0,0,0,0,0,0,0,0,0,0,0
Franz Stolz,Rapid-Bucuresti,at AUT,GK,24,1,0,1,0,0,0,0,0,0,0,1,0,0,0,0,0,0
Robert Bădescu,Rapid-Bucuresti,ro ROU,DF,20,0,0,,0,0,0,0,0,0,0,0,0,0,0,0,0,0
Adrian Briciu,Rapid-Bucuresti,ro ROU,GK,17,0,0,,0,0,0,0,0,0,0,0,0,0,0,0,0,0
Alexandru Stan,Rapid-Bucuresti,ro ROU,"DF,MF",36,0,0,,0,0,0,0,0,0,0,0,0,0,0,0,0,0
George Ungureanu,Rapid-Bucuresti,ro ROU,GK,18,0,0,,0,0,0,0,0,0,0,0,0,0,0,0,0,0
Florin Ștefan,Sepsi-Sfantu-Gheorghe,ro ROU,"DF,MF",28,29,29,"2,340",26,4,2,6,4,0,0,5,1,0,0,0,0,0
Branislav Niňaj,Sepsi-Sfantu-Gheorghe,sk SVK,DF,30,27,27,"2,422",26,1,0,1,1,0,0,1,1,0,0,0,0,0
Sota Mino,Sepsi-Sfantu-Gheorghe,jp JPN,MF,30,28,26,"2,226",24,0,1,1,0,0,0,9,0,0,0,0,0,0
Denis Haruț,Sepsi-Sfantu-Gheorghe,ro ROU,DF,26,23,22,"1,982",22,4,0,4,1,3,3,4,0,0,0,0,0,0
Roland Niczuly,Sepsi-Sfantu-Gheorghe,ro ROU,GK,29,22,22,"1,979",22,0,0,0,0,0,0,1,0,0,0,0,0,0
Denis Ciobotariu,Sepsi-Sfantu-Gheorghe,ro ROU,DF,26,21,21,"1,890",21,2,0,2,2,0,0,1,0,0,0,0,0,0
Marius Coman,Sepsi-Sfantu-Gheorghe,ro ROU,FW,28,31,20,"1,741",19,4,2,6,4,0,0,5,1,0,0,0,0,0
Cosmin Matei,Sepsi-Sfantu-Gheorghe,ro ROU,"MF,FW",33,20,18,"1,512",16,2,2,4,2,0,0,1,0,0,0,0,0,0
Mihajlo Nešković,Sepsi-Sfantu-Gheorghe,rs SRB,"MF,FW",25,28,17,"1,446",16,2,1,3,2,0,0,3,0,0,0,0,0,0
Dimitri Oberlin,Sepsi-Sfantu-Gheorghe,ch SUI,"MF,FW",27,21,16,"1,528",17,5,2,7,5,0,0,1,0,0,0,0,0,0
Isnik Alimi,Sepsi-Sfantu-Gheorghe,mk MKD,MF,31,17,15,"1,352",15,4,2,6,1,3,3,3,0,0,0,0,0,0
Sherif Kallaku,Sepsi-Sfantu-Gheorghe,al ALB,"MF,FW",27,25,15,"1,170",13,0,1,1,0,0,0,1,1,0,0,0,0,0
Omar El Sawy,Sepsi-Sfantu-Gheorghe,ro ROU,MF,21,18,14,"1,207",13,4,2,6,4,0,0,0,1,0,0,0,0,0
Bogdan Oteliță,Sepsi-Sfantu-Gheorghe,ro ROU,"MF,DF",22,18,14,985,10,0,3,3,0,0,0,1,0,0,0,0,0,0
Andres Dumitrescu,Sepsi-Sfantu-Gheorghe,ro ROU,DF,24,18,12,"1,208",13,1,3,4,1,0,0,4,0,0,0,0,0,0
Dávid Sigér,Sepsi-Sfantu-Gheorghe,hu HUN,MF,34,22,9,974,10,0,1,1,0,0,0,7,0,0,0,0,0,0
Szilard Gyenge,Sepsi-Sfantu-Gheorghe,ro ROU,GK,24,10,9,811,9,0,0,0,0,0,0,1,0,0,0,0,0,0
Matej Šimić,Sepsi-Sfantu-Gheorghe,hr CRO,DF,29,8,8,720,8,0,0,0,0,0,0,0,0,0,0,0,0,0
Gabriel Debeljuh,Sepsi-Sfantu-Gheorghe,hr CRO,FW,28,12,7,738,8,3,0,3,3,0,0,0,0,0,0,0,0,0
Dino Skorup,Sepsi-Sfantu-Gheorghe,hr CRO,MF,25,8,7,508,5,0,0,0,0,0,0,2,0,0,0,0,0,0
Kevin Varga,Sepsi-Sfantu-Gheorghe,hu HUN,MF,29,6,5,335,3,1,0,1,1,0,0,0,0,0,0,0,0,0
Darius Oroian,Sepsi-Sfantu-Gheorghe,ro ROU,MF,21,20,4,667,7,0,1,1,0,0,0,0,0,0,0,0,0,0
Márk Tamás,Sepsi-Sfantu-Gheorghe,hu HUN,DF,31,4,3,283,3,1,0,1,1,0,0,0,0,0,0,0,0,0
Dorian Babunski,Sepsi-Sfantu-Gheorghe,mk MKD,FW,28,7,3,263,2,0,0,0,0,0,0,0,0,0,0,0,0,0
Michael Breij,Sepsi-Sfantu-Gheorghe,nl NED,"MF,FW",28,6,3,180,2,0,0,0,0,0,0,0,0,0,0,0,0,0
Ákos Kecskés,Sepsi-Sfantu-Gheorghe,hu HUN,DF,29,3,2,82,0,0,0,0,0,0,0,2,0,0,0,0,0,0
Sebastian Mailat,Sepsi-Sfantu-Gheorghe,ro ROU,FW,27,9,1,305,3,1,0,1,1,0,0,0,0,0,0,0,0,0
Nir Bardea,Sepsi-Sfantu-Gheorghe,il ISR,DF,29,4,1,182,2,0,0,0,0,0,0,0,0,0,0,0,0,0
Stefan Hajdin,Sepsi-Sfantu-Gheorghe,hr CRO,MF,30,11,1,182,2,0,0,0,0,0,0,0,0,0,0,0,0,0
Dinu Moldovan,Sepsi-Sfantu-Gheorghe,ro ROU,GK,34,1,1,90,1,0,0,0,0,0,0,0,0,0,0,0,0,0
Marian Drăghiceanu,Sepsi-Sfantu-Gheorghe,ro ROU,MF,25,7,0,106,1,0,0,0,0,0,0,0,0,0,0,0,0,0
Giovani Ghimfus,Sepsi-Sfantu-Gheorghe,ro ROU,MF,19,2,0,22,0,0,0,0,0,0,0,0,0,0,0,0,0,0
Akos Nistor,Sepsi-Sfantu-Gheorghe,ro ROU,MF,20,2,0,16,0,0,0,0,0,0,0,0,0,0,0,0,0,0
Davide Popșa,Sepsi-Sfantu-Gheorghe,ro ROU,DF,22,2,0,2,0,0,0,0,0,0,0,0,0,0,0,0,0,0
Hunor Batzula,Sepsi-Sfantu-Gheorghe,ro ROU,MF,17,1,0,1,0,0,0,0,0,0,0,0,0,0,0,0,0,0
Raul Cîmpean,Sepsi-Sfantu-Gheorghe,ro ROU,FW,19,0,0,,0,0,0,0,0,0,0,0,0,0,0,0,0,0
Hunor Gedo,Sepsi-Sfantu-Gheorghe,ro ROU,GK,21,0,0,,0,0,0,0,0,0,0,0,0,0,0,0,0,0
Denis Renta,Sepsi-Sfantu-Gheorghe,ro ROU,MF,20,0,0,,0,0,0,0,0,0,0,0,0,0,0,0,0,0
Alessandro Murgia,Hermannstadt,it ITA,MF,28,31,31,"2,659",29,4,1,5,4,0,1,5,0,0,0,0,0,0
Cătălin Cabuz,Hermannstadt,ro ROU,GK,28,30,30,"2,700",30,0,1,1,0,0,0,1,0,0,0,0,0,0
Tiago Gonçalves,Hermannstadt,pt POR,"DF,MF",24,30,29,"2,570",28,2,3,5,2,0,0,1,0,0,0,0,0,0
Antoni Ivanov,Hermannstadt,bg BUL,MF,29,30,28,"2,407",26,0,0,0,0,0,0,8,1,0,0,0,0,0
Silviu Balaure,Hermannstadt,ro ROU,"MF,DF",29,30,28,"2,396",26,4,3,7,4,0,0,3,1,0,0,0,0,0
Aurelian Chițu,Hermannstadt,ro ROU,FW,34,32,25,"2,129",23,6,5,11,6,0,0,1,0,0,0,0,0,0
Ianis Stoica,Hermannstadt,ro ROU,"FW,MF",22,31,25,"2,033",22,8,3,11,7,1,1,3,0,0,0,0,0,0
Ionuț Stoica,Hermannstadt,ro ROU,DF,37,24,24,"2,115",23,1,0,1,1,0,0,1,0,0,0,0,0,0
Tiberiu Căpușă,Hermannstadt,ro ROU,DF,26,21,18,"1,636",18,0,1,1,0,0,0,5,0,0,0,0,0,0
Valerică Găman,Hermannstadt,ro ROU,DF,36,21,17,"1,514",16,0,1,1,0,0,0,3,0,0,0,0,0,0
Ionuț Biceanu,Hermannstadt,ro ROU,MF,31,24,14,"1,159",12,0,0,0,0,0,0,2,0,0,0,0,0,0
Vahid Selimović,Hermannstadt,lu LUX,DF,27,15,14,"1,111",12,0,0,0,0,0,0,7,1,0,0,0,0,0
Florin Bejan,Hermannstadt,ro ROU,DF,34,20,13,"1,280",14,1,0,1,1,0,0,5,0,0,0,0,0,0
Alexandru Oroian,Hermannstadt,ro ROU,DF,24,14,11,966,10,0,1,1,0,0,0,1,0,0,0,0,0,0
Ronaldo Deaconu,Hermannstadt,ro ROU,"MF,FW",27,13,10,639,7,2,3,5,2,0,0,0,0,0,0,0,0,0
Cristian Negut,Hermannstadt,ro ROU,"FW,MF",29,25,8,885,9,4,1,5,2,2,2,4,0,0,0,0,0,0
Nana Kwame Antwi,Hermannstadt,gh GHA,"MF,DF",24,18,8,805,8,0,0,0,0,0,0,0,0,0,0,0,0,0
Sergiu Buș,Hermannstadt,ro ROU,FW,32,25,6,917,10,2,1,3,2,0,0,2,0,0,0,0,0,0
Robert Popescu,Hermannstadt,ro ROU,"MF,FW",22,20,5,569,6,1,0,1,1,0,0,2,0,0,0,0,0,0
Kalifa Kujabi,Hermannstadt,gm GAM,MF,25,13,3,388,4,0,0,0,0,0,0,1,0,0,0,0,0,0
Dragoș Iancu,Hermannstadt,ro ROU,MF,22,16,2,409,4,2,0,2,2,0,0,1,0,0,0,0,0,0
Vlad Muțiu,Hermannstadt,ro ROU,GK,30,2,2,180,2,0,0,0,0,0,0,0,0,0,0,0,0,0
Jovan Marković,Hermannstadt,ro ROU,FW,24,4,1,109,1,0,0,0,0,0,0,0,0,0,0,0,0,0
Alexandru Jipa,Hermannstadt,ro ROU,MF,23,3,0,19,0,0,0,0,0,0,0,0,0,0,0,0,0,0
Alexandru Luca,Hermannstadt,ro ROU,MF,20,1,0,15,0,0,0,0,0,0,0,0,0,0,0,0,0,0
Ianis Gandila,Hermannstadt,ro ROU,MF,19,1,0,1,0,0,0,0,0,0,0,0,0,0,0,0,0,0
Kevin Ciubotaru,Hermannstadt,ro ROU,DF,21,0,0,,0,0,0,0,0,0,0,0,0,0,0,0,0,0
Ianis Mihart,Hermannstadt,ro ROU,FW,20,0,0,,0,0,0,0,0,0,0,0,0,0,0,0,0,0
Ionuţ Pop,Hermannstadt,ro ROU,GK,27,0,0,,0,0,0,0,0,0,0,0,0,0,0,0,0,0
Gheorghe Grozav,Petrolul-Ploiesti,ro ROU,"MF,FW",34,32,30,"2,676",29,6,1,7,6,0,1,3,0,0,0,0,0,0
Ricardinho,Petrolul-Ploiesti,pt POR,DF,31,30,30,"2,602",28,2,3,5,2,0,0,2,0,0,0,0,0,0
Tommi Jyry,Petrolul-Ploiesti,fi FIN,MF,25,31,29,"2,581",28,1,2,3,1,0,0,4,0,0,0,0,0,0
Marian Huja,Petrolul-Ploiesti,pt POR,DF,25,30,27,"2,466",27,0,0,0,0,0,0,6,0,0,0,0,0,0
Tidiane Keita,Petrolul-Ploiesti,gn GUI,MF,28,30,27,"2,412",26,0,1,1,0,0,0,7,1,0,0,0,0,0
Paul Papp,Petrolul-Ploiesti,ro ROU,DF,35,27,25,"2,295",25,2,0,2,2,0,0,12,1,0,0,0,0,0
Sergiu Hanca,Petrolul-Ploiesti,ro ROU,MF,32,27,23,"1,659",18,1,4,5,1,0,0,6,1,0,0,0,0,0
Lukáš Zima,Petrolul-Ploiesti,cz CZE,GK,31,20,20,"1,800",20,0,0,0,0,0,0,3,0,0,0,0,0,0
Lucian Dumitriu,Petrolul-Ploiesti,ro ROU,"DF,MF",32,20,19,"1,648",18,0,3,3,0,0,0,4,0,0,0,0,0,0
Mihnea Radulescu,Petrolul-Ploiesti,ro ROU,"MF,FW",19,29,19,"1,603",17,4,2,6,4,0,0,2,0,0,0,0,0,0
Alexandru Tudorie,Petrolul-Ploiesti,ro ROU,FW,29,19,18,"1,473",16,8,1,9,8,0,0,1,0,0,0,0,0,0
Denis Radu,Petrolul-Ploiesti,ro ROU,"MF,DF",22,25,15,"1,426",15,0,0,0,0,0,0,2,0,0,0,0,0,0
Alexandru Mateiu,Petrolul-Ploiesti,ro ROU,MF,35,22,12,"1,137",12,0,0,0,0,0,0,2,0,0,0,0,0,0
Yohan Roche,Petrolul-Ploiesti,bj BEN,DF,27,14,12,970,10,0,0,0,0,0,0,4,0,0,0,0,0,0
Raul Bălbărău,Petrolul-Ploiesti,ro ROU,GK,23,9,9,810,9,0,0,0,0,0,0,1,0,0,0,0,0,0
Christian Irobiso,Petrolul-Ploiesti,ng NGA,FW,31,15,8,862,9,0,1,1,0,0,0,0,0,0,0,0,0,0
Valentin Gheorghe,Petrolul-Ploiesti,ro ROU,"MF,FW",28,9,5,461,5,0,0,0,0,0,0,1,0,0,0,0,0,0
Ioan Tolea,Petrolul-Ploiesti,ro ROU,DF,21,12,4,418,4,1,0,1,1,0,0,3,0,0,0,0,0,0
Herman Moussaki,Petrolul-Ploiesti,fr FRA,MF,26,10,3,346,3,0,0,0,0,0,0,0,0,0,0,0,0,0
Valentin Ticu,Petrolul-Ploiesti,ro ROU,DF,24,3,3,264,2,1,0,1,1,0,0,0,0,0,0,0,0,0
Albin Berisha,Petrolul-Ploiesti,xk KVX,FW,24,3,3,222,2,1,0,1,1,0,0,0,0,0,0,0,0,0
Mario Bratu,Petrolul-Ploiesti,ro ROU,MF,22,12,2,372,4,1,1,2,1,0,0,0,0,0,0,0,0,0
Oscar Linnér,Petrolul-Ploiesti,se SWE,GK,28,2,2,180,2,0,0,0,0,0,0,0,0,0,0,0,0,0
Fabrício Baiano,Petrolul-Ploiesti,br BRA,MF,32,6,2,176,2,0,1,1,0,0,0,0,0,0,0,0,0,0
Nana Akosah-Bempah,Petrolul-Ploiesti,gh GHA,FW,27,9,1,352,3,0,2,2,0,0,0,1,0,0,0,0,0,0
Alexandru Stănică,Petrolul-Ploiesti,ro ROU,DF,24,6,1,155,1,0,0,0,0,0,0,1,0,0,0,0,0,0
Mihai Eșanu,Petrolul-Ploiesti,ro ROU,GK,26,1,1,90,1,0,0,0,0,0,0,1,0,0,0,0,0,0
Takayuki Seto,Petrolul-Ploiesti,jp JPN,MF,39,1,1,80,0,0,0,0,0,0,0,0,0,0,0,0,0,0
Alexandru Ișfan,Petrolul-Ploiesti,ro ROU,MF,25,1,1,45,0,0,0,0,0,0,0,0,0,0,0,0,0,0
Ali Sühan Demirel,Petrolul-Ploiesti,tr TUR,FW,22,3,0,43,0,0,0,0,0,0,0,0,0,0,0,0,0,0
Hasan Jahic,Petrolul-Ploiesti,ba BIH,DF,23,1,0,18,0,0,0,0,0,0,0,0,0,0,0,0,0,0
Alin-Marius Boțogan,Petrolul-Ploiesti,ro ROU,MF,21,3,0,17,0,0,0,0,0,0,0,0,0,0,0,0,0,0
David Ilie,Petrolul-Ploiesti,ro ROU,FW,20,3,0,3,0,0,0,0,0,0,0,0,0,0,0,0,0,0
Raul Bucur,Petrolul-Ploiesti,ro ROU,FW,22,1,0,1,0,0,0,0,0,0,0,0,0,0,0,0,0,0
Victor Stancovici,Petrolul-Ploiesti,ro ROU,MF,19,1,0,1,0,0,0,0,0,0,0,0,0,0,0,0,0,0
Augustin Dumitrache,Petrolul-Ploiesti,ro ROU,MF,18,0,0,,0,0,0,0,0,0,0,0,0,0,0,0,0,0
Guilherme Garutti,Petrolul-Ploiesti,br BRA,DF,31,0,0,,0,0,0,0,0,0,0,0,0,0,0,0,0,0
Andrei Jercalau,Petrolul-Ploiesti,ro ROU,GK,20,0,0,,0,0,0,0,0,0,0,0,0,0,0,0,0,0
Kilian Ludewig,Petrolul-Ploiesti,de GER,"DF,MF",25,0,0,,0,0,0,0,0,0,0,0,0,0,0,0,0,0
Bogran Marian,Petrolul-Ploiesti,ro ROU,DF,20,0,0,,0,0,0,0,0,0,0,0,0,0,0,0,0,0
David Paraschiv,Petrolul-Ploiesti,ro ROU,MF,18,0,0,,0,0,0,0,0,0,0,0,0,0,0,0,0,0
Iustin Răducan,Petrolul-Ploiesti,ro ROU,FW,19,0,0,,0,0,0,0,0,0,0,0,0,0,0,0,0,0
Alexandru Buzbuchi,Farul-Constanta,ro ROU,GK,31,32,32,"2,880",32,0,0,0,0,0,0,1,0,0,0,0,0,0
Cristian Ganea,Farul-Constanta,ro ROU,"DF,MF",32,32,31,"2,796",31,0,3,3,0,0,0,1,0,0,0,0,0,0
Ionuț Vînă,Farul-Constanta,ro ROU,MF,30,30,29,"2,345",26,2,2,4,2,0,0,8,1,0,0,0,0,0
Narek Grigoryan,Farul-Constanta,am ARM,"FW,MF",23,31,29,"2,265",25,5,0,5,5,0,0,4,0,0,0,0,0,0
Mihai Bălașa,Farul-Constanta,ro ROU,DF,30,25,23,"1,976",22,0,0,0,0,0,0,6,1,0,0,0,0,0
Gustavo Marins,Farul-Constanta,br BRA,DF,23,24,22,"1,940",21,1,0,1,1,0,0,4,0,0,0,0,0,0
Victor Dican,Farul-Constanta,ro ROU,"MF,DF",24,30,20,"1,929",21,4,1,5,4,0,0,7,0,0,0,0,0,0
Denis Alibec,Farul-Constanta,ro ROU,FW,34,23,19,"1,833",20,7,6,13,5,2,2,7,1,0,0,0,0,0
Dan Sirbu,Farul-Constanta,ro ROU,"DF,MF",21,25,18,"1,711",19,0,0,0,0,0,0,3,0,0,0,0,0,0
Eduard Radaslavescu,Farul-Constanta,ro ROU,"MF,FW",20,25,18,"1,348",15,2,2,4,2,0,0,1,0,0,0,0,0,0
Rivaldinho,Farul-Constanta,br BRA,FW,29,24,15,"1,136",12,5,2,7,5,0,0,1,0,0,0,0,0,0
Gabriel Iancu,Farul-Constanta,ro ROU,"FW,MF",30,18,12,919,10,2,1,3,1,1,1,2,0,0,0,0,0,0
Bogdan Țîru,Farul-Constanta,ro ROU,DF,31,16,10,"1,027",11,1,0,1,1,0,0,2,0,0,0,0,0,0
Carlo Casap,Farul-Constanta,ro ROU,MF,26,19,9,929,10,1,0,1,1,0,0,3,0,0,0,0,0,0
Ionuț Cojocaru,Farul-Constanta,ro ROU,FW,21,12,8,769,8,1,1,2,1,0,0,3,0,0,0,0,0,0
Mihai Popescu,Farul-Constanta,ro ROU,DF,31,8,8,658,7,0,0,0,0,0,0,1,0,0,0,0,0,0
Constantin Grameni,Farul-Constanta,ro ROU,MF,22,8,8,646,7,0,1,1,0,0,0,2,0,0,0,0,0,0
Nicolas Popescu,Farul-Constanta,ro ROU,MF,22,15,8,611,6,0,0,0,0,0,0,3,0,0,0,0,0,0
Ionuț Cercel,Farul-Constanta,ro ROU,"DF,MF",18,12,7,633,7,0,1,1,0,0,0,1,0,0,0,0,0,0
Ionuț Larie,Farul-Constanta,ro ROU,DF,38,11,7,561,6,0,0,0,0,0,0,2,0,0,0,0,0,0
Andrei Ciobanu,Farul-Constanta,ro ROU,"FW,MF",27,17,5,666,7,0,1,1,0,0,0,0,0,0,0,0,0,0
Dragoș Nedelcu,Farul-Constanta,ro ROU,MF,28,10,5,401,4,0,0,0,0,0,0,1,0,0,0,0,0,0
Diogo Queirós,Farul-Constanta,pt POR,MF,26,4,3,221,2,0,0,0,0,0,0,1,0,0,0,0,0,0
Gabriel Danuleasa,Farul-Constanta,ro ROU,DF,21,10,2,327,3,0,0,0,0,0,0,0,1,0,0,0,0,0
Luca Banu,Farul-Constanta,ro ROU,MF,20,4,2,203,2,0,0,0,0,0,0,1,0,0,0,0,0,0
Reginaldo,Farul-Constanta,br BRA,"MF,DF",23,3,2,128,1,0,0,0,0,0,0,0,0,0,0,0,0,0
Iustin Doicaru,Farul-Constanta,ro ROU,FW,18,18,0,309,3,0,0,0,0,0,0,0,0,0,0,0,0,0
Alexandru Stoian,Farul-Constanta,ro ROU,FW,17,7,0,151,1,0,0,0,0,0,0,0,0,0,0,0,0,0
Luca-Constantin Basceanu,Farul-Constanta,ro ROU,MF,18,6,0,133,1,1,0,1,1,0,0,0,0,0,0,0,0,0
Gabriel Buta,Farul-Constanta,ro ROU,DF,23,4,0,59,0,0,0,0,0,0,0,1,0,0,0,0,0,0
Fabinho Baptista,Farul-Constanta,pt POR,DF,24,3,0,42,0,0,0,0,0,0,0,0,0,0,0,0,0,0
Daniel Kiwinda,Farul-Constanta,ua UKR,FW,20,1,0,9,0,0,0,0,0,0,0,0,0,0,0,0,0,0
Mario Aioanei,Farul-Constanta,ro ROU,DF,19,0,0,,0,0,0,0,0,0,0,0,0,0,0,0,0,0
Luca Andronache,Farul-Constanta,ro ROU,FW,21,0,0,,0,0,0,0,0,0,0,0,0,0,0,0,0,0
Ianis Avramescu,Farul-Constanta,ro ROU,FW,16,0,0,,0,0,0,0,0,0,0,0,0,0,0,0,0,0
Patrick Budescu,Farul-Constanta,ro ROU,MF,14,0,0,,0,0,0,0,0,0,0,0,0,0,0,0,0,0
Alin Cocoș,Farul-Constanta,ro ROU,FW,18,0,0,,0,0,0,0,0,0,0,0,0,0,0,0,0,0
Răzvan Ducan,Farul-Constanta,ro ROU,GK,24,0,0,,0,0,0,0,0,0,0,0,0,0,0,0,0,0
David-John Dumitra,Farul-Constanta,ro ROU,DF,18,0,0,,0,0,0,0,0,0,0,0,0,0,0,0,0,0
Alexandru-Stefan Dutu,Farul-Constanta,ro ROU,DF,21,0,0,,0,0,0,0,0,0,0,0,0,0,0,0,0,0
Costyn Gheorghe,Farul-Constanta,ro ROU,DF,17,0,0,,0,0,0,0,0,0,0,0,0,0,0,0,0,0
Darius Grosu,Farul-Constanta,ro ROU,DF,22,0,0,,0,0,0,0,0,0,0,0,0,0,0,0,0,0
George Merloi,Farul-Constanta,ro ROU,MF,25,0,0,,0,0,0,0,0,0,0,0,0,0,0,0,0,0
Gabriel Munteanu,Farul-Constanta,ro ROU,DF,17,0,0,,0,0,0,0,0,0,0,0,0,0,0,0,0,0
Robert Mustacă,Farul-Constanta,ro ROU,FW,22,0,0,,0,0,0,0,0,0,0,0,0,0,0,0,0,0
Ianis Podoleanu,Farul-Constanta,ro ROU,MF,17,0,0,,0,0,0,0,0,0,0,0,0,0,0,0,0,0
Ibrahima Conté,UTA-Arad,gn GUI,DF,28,28,28,"2,520",28,0,0,0,0,0,0,6,0,0,0,0,0,0
Eric Johanna Omondi,UTA-Arad,ke KEN,"MF,FW",30,28,28,"2,397",26,3,3,6,3,0,0,8,0,0,0,0,0,0
Valentin Costache,UTA-Arad,ro ROU,"FW,MF",26,31,27,"2,191",24,6,3,9,4,2,2,5,0,0,0,0,0,0
Florent Poulolo,UTA-Arad,mq MTQ,DF,28,24,24,"2,160",24,0,0,0,0,0,0,2,0,0,0,0,0,0
Cristian Mihai,UTA-Arad,ro ROU,MF,20,25,22,"1,855",20,1,1,2,1,0,0,4,0,0,0,0,0,0
Răzvan Trif,UTA-Arad,ro ROU,"DF,MF",27,27,21,"1,831",20,0,1,1,0,0,0,3,0,0,0,0,0,0
Benjamin Van Durmen,UTA-Arad,be BEL,MF,28,21,18,"1,587",17,1,1,2,1,0,0,3,0,0,0,0,0,0
Andrej Fábry,UTA-Arad,sk SVK,"MF,FW",28,20,18,"1,446",16,1,3,4,1,0,0,2,0,0,0,0,0,0
Ravy Tsouka,UTA-Arad,cg CGO,"DF,MF",30,19,16,"1,490",16,0,1,1,0,0,0,5,0,0,0,0,0,0
Robert Popa,UTA-Arad,ro ROU,GK,22,16,16,"1,437",16,0,0,0,0,0,0,1,0,0,0,0,0,0
Cornel Râpă,UTA-Arad,ro ROU,DF,35,21,15,"1,297",14,0,1,1,0,0,0,2,1,0,0,0,0,0
Denis Hrezdac,UTA-Arad,ro ROU,MF,23,23,13,"1,243",13,1,0,1,1,0,0,0,0,0,0,0,0,0
Aristide Mabea,UTA-Arad,ci CIV,DF,26,16,12,"1,174",13,1,0,1,1,0,0,7,0,0,0,0,0,0
Dejan Iliev,UTA-Arad,mk MKD,GK,30,12,12,"1,080",12,0,0,0,0,0,0,2,0,0,0,0,0,0
Alexandru Benga,UTA-Arad,ro ROU,DF,35,11,10,908,10,1,0,1,1,0,0,0,0,0,0,0,0,0
Lamine Ghezali,UTA-Arad,fr FRA,MF,25,17,10,811,9,0,1,1,0,0,0,3,0,0,0,0,0,0
Jordan Kadiri,UTA-Arad,ng NGA,FW,25,12,8,705,7,2,0,2,2,0,0,0,1,0,0,0,0,0
George Cîmpanu,UTA-Arad,ro ROU,MF,24,13,7,583,6,2,0,2,2,0,0,1,0,0,0,0,0,0
Marian Danciu,UTA-Arad,ro ROU,MF,22,9,7,469,5,0,1,1,0,0,0,1,0,0,0,0,0,0
João Pedro,UTA-Arad,pt POR,"MF,FW",31,17,6,626,7,2,0,2,0,2,2,1,0,0,0,0,0,0
Imoh Ezekiel,UTA-Arad,ng NGA,FW,31,8,6,477,5,1,0,1,1,0,0,0,0,0,0,0,0,0
Damien Dussaut,UTA-Arad,fr FRA,DF,30,7,5,437,4,0,0,0,0,0,0,0,0,0,0,0,0,0
Shayon Harrison,UTA-Arad,eng ENG,"FW,MF",27,6,5,392,4,1,1,2,1,0,0,0,0,0,0,0,0,0
Diogo Costa Rodrigues,UTA-Arad,pt POR,DF,25,4,3,288,3,0,0,0,0,0,0,1,0,0,0,0,0,0
Andrei Gorcea,UTA-Arad,ro ROU,GK,23,3,3,270,3,0,0,0,0,0,0,1,0,0,0,0,0,0
Marinos Tzionis,UTA-Arad,cy CYP,"MF,FW",23,5,3,217,2,1,0,1,1,0,0,0,0,0,0,0,0,0
Paul-Jose M'Poku,UTA-Arad,cd COD,MF,32,4,2,202,2,0,0,0,0,0,0,1,0,0,0,0,0,0
Ioan Dumiter,UTA-Arad,ro ROU,FW,25,5,2,170,1,0,0,0,0,0,0,0,0,0,0,0,0,0
Dániel Zsóri,UTA-Arad,hu HUN,FW,24,17,1,367,4,1,1,2,1,0,0,4,0,0,0,0,0,0
Agustín Vuletich,UTA-Arad,ar ARG,FW,33,11,1,324,3,2,0,2,2,0,0,0,0,0,0,0,0,0
Raoul Cristea,UTA-Arad,ro ROU,MF,22,17,1,314,3,0,0,0,0,0,0,0,0,0,0,0,0,0
Aleksander Mitrovic,UTA-Arad,ro ROU,GK,21,2,1,93,1,0,0,0,0,0,0,1,0,0,0,0,0,0
Joher Rassoul,UTA-Arad,sn SEN,MF,29,4,1,68,0,0,0,0,0,0,0,0,0,0,0,0,0,0
Nsungusi Jnr Effiong,UTA-Arad,ng NGA,FW,25,2,0,66,0,0,0,0,0,0,0,0,0,0,0,0,0,0
Loei Halaf,UTA-Arad,il ISR,MF,24,4,0,53,0,0,0,0,0,0,0,1,0,0,0,0,0,0
Andrei David,UTA-Arad,ro ROU,MF,22,1,0,22,0,0,0,0,0,0,0,0,0,0,0,0,0,0
Zé Pedro,UTA-Arad,pt POR,FW,28,2,0,15,0,0,0,0,0,0,0,0,0,0,0,0,0,0
Adrian Dragos,UTA-Arad,ro ROU,FW,17,2,0,14,0,0,0,0,0,0,0,0,0,0,0,0,0,0
Alexandru Olar,UTA-Arad,,,0,1,0,1,0,0,0,0,0,0,0,0,0,0,0,0,0,0
Raul Stanciu,UTA-Arad,ro ROU,FW,18,1,0,1,0,0,0,0,0,0,0,0,0,0,0,0,0,0
Ioan Borcea,UTA-Arad,ro ROU,MF,22,0,0,,0,0,0,0,0,0,0,0,0,0,0,0,0,0
Ahmet Ekmekci,UTA-Arad,,MF,0,0,0,,0,0,0,0,0,0,0,0,0,0,0,0,0,0
Darius Iurasciuc,UTA-Arad,ro ROU,DF,19,0,0,,0,0,0,0,0,0,0,0,0,0,0,0,0,0
Alexandru Matei,UTA-Arad,ro ROU,MF,17,0,0,,0,0,0,0,0,0,0,0,0,0,0,0,0,0
Mario Popescu,UTA-Arad,ro ROU,GK,20,0,0,,0,0,0,0,0,0,0,0,0,0,0,0,0,0
Lucas Roșu,UTA-Arad,ro ROU,GK,18,0,0,,0,0,0,0,0,0,0,0,0,0,0,0,0,0
Denis Taroi,UTA-Arad,ro ROU,MF,16,0,0,,0,0,0,0,0,0,0,0,0,0,0,0,0,0
Patric Toderean,UTA-Arad,ro ROU,GK,20,0,0,,0,0,0,0,0,0,0,0,0,0,0,0,0,0
Frédéric Maciel,Otelul-Galati,pt POR,FW,31,31,30,"2,302",25,5,5,10,5,0,0,0,0,0,0,0,0,0
Diego Živulić,Otelul-Galati,hr CRO,"MF,DF",33,29,28,"2,523",28,3,1,4,3,0,0,7,0,0,0,0,0,0
Nikola Stevanović,Otelul-Galati,rs SRB,DF,26,28,28,"2,395",26,0,0,0,0,0,0,6,3,0,0,0,0,0
João Lameira,Otelul-Galati,pt POR,MF,25,29,28,"2,374",26,0,0,0,0,0,0,8,0,0,0,0,0,0
Iustin Popescu,Otelul-Galati,ro ROU,GK,31,25,25,"2,250",25,0,0,0,0,0,0,2,0,0,0,0,0,0
Jonathan Cissé,Otelul-Galati,ci CIV,DF,27,21,20,"1,758",19,0,0,0,0,0,0,4,1,0,0,0,0,0
David-Iulian Maftei,Otelul-Galati,ro ROU,DF,20,22,19,"1,533",17,0,1,1,0,0,0,1,0,0,0,0,0,0
Teles,Otelul-Galati,pt POR,MF,28,29,18,"1,706",19,2,0,2,2,0,0,2,1,0,0,0,0,0
Miguel Silva,Otelul-Galati,pt POR,DF,29,20,17,"1,637",18,1,1,2,1,0,0,4,0,0,0,0,0,0
Juri Cisotti,Otelul-Galati,it ITA,"MF,FW",31,17,17,"1,514",16,3,2,5,3,0,0,2,0,0,0,0,0,0
Razvan Tanasa,Otelul-Galati,ro ROU,"FW,MF",21,28,16,"1,453",16,1,0,1,1,0,0,2,0,0,0,0,0,0
Alexandru Pop,Otelul-Galati,ro ROU,FW,25,21,16,"1,381",15,5,0,5,3,2,2,1,0,0,0,0,0,0
Stipe Juric,Otelul-Galati,ba BIH,FW,26,20,11,"1,155",12,3,0,3,3,0,0,1,0,0,0,0,0,0
Martin Angha,Otelul-Galati,ch SUI,DF,31,12,11,996,11,0,0,0,0,0,0,5,0,0,0,0,0,0
Josip Tomašević,Otelul-Galati,hr CRO,DF,31,9,9,698,7,0,1,1,0,0,0,1,0,0,0,0,0,0
Mihai Adăscăliței,Otelul-Galati,ro ROU,DF,30,18,7,745,8,0,1,1,0,0,0,1,0,0,0,0,0,0
Milen Zhelev,Otelul-Galati,bg BUL,DF,31,10,7,713,7,0,0,0,0,0,0,3,0,0,0,0,0,0
Cosmin Dur-Bozoancă,Otelul-Galati,ro ROU,GK,27,7,7,630,7,0,0,0,0,0,0,1,0,0,0,0,0,0
Vasilije Đurić,Otelul-Galati,rs SRB,FW,26,16,7,618,6,0,0,0,0,0,0,1,0,0,0,0,0,0
Neluț Roșu,Otelul-Galati,ro ROU,MF,31,13,6,445,4,0,0,0,0,0,0,3,0,0,0,0,0,0
Andrei Bani,Otelul-Galati,ro ROU,"MF,FW",22,9,6,429,4,1,0,1,1,0,0,0,0,0,0,0,0,0
Samy Bourard,Otelul-Galati,be BEL,MF,29,12,5,564,6,0,1,1,0,0,0,2,0,0,0,0,0,0
Andrei Rus,Otelul-Galati,ro ROU,DF,22,8,4,372,4,0,0,0,0,0,0,1,0,0,0,0,0,0
Albert Hofman,Otelul-Galati,ro ROU,"FW,MF",22,8,3,313,3,0,1,1,0,0,0,0,0,0,0,0,0,0
Jovan Marković,Otelul-Galati,ro ROU,FW,24,5,2,201,2,1,0,1,1,0,0,2,0,0,0,0,0,0
Julián Tovar,Otelul-Galati,co COL,DF,28,3,2,136,1,0,0,0,0,0,0,0,0,0,0,0,0,0
Alexandru Stan,Otelul-Galati,ro ROU,FW,36,4,1,90,1,0,0,0,0,0,0,0,0,0,0,0,0,0
Eric Bicfalvi,Otelul-Galati,ro ROU,FW,37,2,1,84,0,0,0,0,0,0,0,0,0,0,0,0,0,0
Cristian Chira,Otelul-Galati,ro ROU,MF,23,4,1,51,0,0,0,0,0,0,0,0,0,0,0,0,0,0
Maxim Cojocaru,Otelul-Galati,md MDA,MF,27,14,0,204,2,0,0,0,0,0,0,1,0,0,0,0,0,0
Andreas Burcea,Otelul-Galati,ro ROU,FW,20,8,0,141,1,0,0,0,0,0,0,0,0,0,0,0,0,0
Luca Andronache,Otelul-Galati,ro ROU,FW,21,6,0,96,1,0,0,0,0,0,0,1,0,0,0,0,0,0
Stiven Plaza,Otelul-Galati,ec ECU,FW,26,1,0,36,0,0,0,0,0,0,0,1,0,0,0,0,0,0
Ștefan Teodor Farcaș,Otelul-Galati,ro ROU,DF,22,1,0,1,0,0,0,0,0,0,0,0,0,0,0,0,0,0
Victor Bogaciuc,Otelul-Galati,md MDA,DF,25,0,0,,0,0,0,0,0,0,0,0,0,0,0,0,0,0
Valerio Gallo,Otelul-Galati,ro ROU,DF,20,0,0,,0,0,0,0,0,0,0,0,0,0,0,0,0,0
Maksym Kovalov,Otelul-Galati,ua UKR,GK,24,0,0,,0,0,0,0,0,0,0,0,0,0,0,0,0,0
Constantin Mitulețu,Otelul-Galati,ro ROU,DF,21,0,0,,0,0,0,0,0,0,0,0,0,0,0,0,0,0
Ionuț Neagu,Otelul-Galati,ro ROU,MF,35,0,0,,0,0,0,0,0,0,0,0,0,0,0,0,0,0
Jakob Novak,Otelul-Galati,si SVN,MF,27,0,0,,0,0,0,0,0,0,0,0,0,0,0,0,0,0
François Yabré,Otelul-Galati,bf BFA,DF,33,0,0,,0,0,0,0,0,0,0,0,0,0,0,0,0,0
Alin Roman,Politehnica-Iasi,ro ROU,MF,31,32,31,"2,567",28,4,7,11,4,0,1,2,0,0,0,0,0,0
Jesús,Politehnica-Iasi,es ESP,GK,36,30,30,"2,700",30,0,0,0,0,0,0,1,0,0,0,0,0,0
Mihai Bordeianu,Politehnica-Iasi,ro ROU,MF,33,28,28,"2,449",27,5,0,5,4,1,1,11,1,0,0,0,0,0
Nicolás Samayoa,Politehnica-Iasi,gt GUA,DF,29,28,28,"2,435",27,1,0,1,1,0,0,9,0,0,0,0,0,0
Guilherme Araújo Soares,Politehnica-Iasi,pt POR,DF,24,26,26,"2,236",24,3,2,5,3,0,0,3,1,0,0,0,0,0
Rareș Ispas,Politehnica-Iasi,ro ROU,DF,24,23,21,"1,880",20,0,2,2,0,0,0,7,0,0,0,0,0,0
Samuel Oum Gouet,Politehnica-Iasi,cm CMR,MF,27,25,20,"1,685",18,1,0,1,1,0,0,0,0,0,0,0,0,0
Andrei Gheorghiță,Politehnica-Iasi,ro ROU,"MF,FW",22,21,17,"1,434",15,3,3,6,3,0,0,5,1,0,0,0,0,0
Stefan Stefanovici,Politehnica-Iasi,ro ROU,MF,23,27,15,"1,415",15,2,0,2,2,0,0,0,0,0,0,0,0,0
Tailson,Politehnica-Iasi,br BRA,"MF,FW",26,28,15,"1,404",15,3,0,3,3,0,0,3,0,0,0,0,0,0
Florian Kamberi,Politehnica-Iasi,ch SUI,FW,30,16,15,"1,292",14,2,1,3,2,0,0,1,1,0,0,0,0,0
Julián Marchioni,Politehnica-Iasi,ar ARG,MF,32,21,13,"1,108",12,2,0,2,2,0,0,1,0,0,0,0,0,0
Todor Todoroski,Politehnica-Iasi,mk MKD,DF,26,13,13,"1,041",11,0,1,1,0,0,0,2,0,0,0,0,0,0
Valentin Gheorghe,Politehnica-Iasi,ro ROU,"MF,FW",28,21,13,"1,024",11,0,1,1,0,0,0,2,0,0,0,0,0,0
David Atanasovski,Politehnica-Iasi,mk MKD,DF,28,14,11,994,11,0,0,0,0,0,0,2,0,0,0,0,0,0
Claudio Silva,Politehnica-Iasi,de GER,DF,24,15,11,975,10,0,0,0,0,0,0,0,0,0,0,0,0,0
Florin Ilie,Politehnica-Iasi,ro ROU,DF,32,12,9,794,8,0,0,0,0,0,0,0,0,0,0,0,0,0
Sékou Camara,Politehnica-Iasi,gn GUI,FW,27,8,7,581,6,3,0,3,3,0,0,0,1,0,0,0,0,0
Umar Mohammed,Politehnica-Iasi,gh GHA,DF,22,6,6,540,6,0,0,0,0,0,0,1,0,0,0,0,0,0
Adama Diakhaby,Politehnica-Iasi,fr FRA,MF,28,6,5,313,3,0,2,2,0,0,0,1,0,0,0,0,0,0
Mihai Adăscăliței,Politehnica-Iasi,ro ROU,"DF,MF",30,10,4,575,6,0,0,0,0,0,0,2,0,0,0,0,0,0
Shayon Harrison,Politehnica-Iasi,eng ENG,FW,27,14,4,427,4,0,1,1,0,0,0,1,0,0,0,0,0,0
Robert Miskovic,Politehnica-Iasi,de GER,MF,25,11,2,356,4,0,0,0,0,0,0,1,0,0,0,0,0,0
Xhuliano Skuka,Politehnica-Iasi,al ALB,"MF,FW",26,6,2,275,3,1,0,1,0,1,1,1,0,0,0,0,0,0
Gonçalo Teixeira,Politehnica-Iasi,pt POR,MF,25,9,2,235,2,2,0,2,2,0,0,0,0,0,0,0,0,0
Ionut Ailenei,Politehnica-Iasi,ro ROU,GK,24,2,2,180,2,0,0,0,0,0,0,0,0,0,0,0,0,0
Cătălin Mihai Itu,Politehnica-Iasi,ro ROU,MF,25,6,1,261,2,0,0,0,0,0,0,1,0,0,0,0,0,0
Matei Tanasă,Politehnica-Iasi,ro ROU,MF,19,3,1,65,0,0,0,0,0,0,0,1,0,0,0,0,0,0
Billel Omrani,Politehnica-Iasi,dz ALG,FW,31,3,0,69,0,0,0,0,0,0,0,1,0,0,0,0,0,0
Luca Mihai,Politehnica-Iasi,ro ROU,MF,21,2,0,38,0,0,0,0,0,0,0,1,0,0,0,0,0,0
Cătălin Creţ,Politehnica-Iasi,ro ROU,DF,25,2,0,36,0,0,0,0,0,0,0,0,0,0,0,0,0,0
David Popa,Politehnica-Iasi,ro ROU,FW,18,2,0,32,0,0,0,0,0,0,0,0,0,0,0,0,0,0
Dudu Nardini,Politehnica-Iasi,br BRA,MF,27,4,0,27,0,0,1,1,0,0,0,0,0,0,3,3,0,3
Denis-Andrei Ciobanu,Politehnica-Iasi,ro ROU,MF,20,3,0,21,0,0,0,0,0,0,0,0,0,0,0,0,0,0
Antonio Bordusanu,Politehnica-Iasi,ro ROU,MF,20,2,0,12,0,0,0,0,0,0,0,0,0,0,0,0,0,0
Matija Boben,Politehnica-Iasi,si SVN,DF,31,0,0,,0,0,0,0,0,0,0,0,0,0,0,0,0,0
Vlad Ilie,Politehnica-Iasi,ro ROU,MF,16,0,0,,0,0,0,0,0,0,0,0,0,0,0,0,0,0
Toma Marinică Niga,Politehnica-Iasi,ro ROU,GK,27,0,0,,0,0,0,0,0,0,0,0,0,0,0,0,0,0
Romario Moise,Politehnica-Iasi,ro ROU,MF,28,0,0,,0,0,0,0,0,0,0,0,0,0,0,0,0,0
George Miron,Botosani,ro ROU,DF,30,28,26,"2,335",25,0,1,1,0,0,0,6,1,0,0,0,0,0
Aldaír Ferreira,Botosani,ao ANG,MF,27,31,26,"2,334",25,3,0,3,3,0,0,5,0,0,0,0,0,0
Adams Friday,Botosani,ng NGA,"DF,MF",22,23,22,"1,840",20,1,1,2,1,0,0,1,2,0,0,0,0,0
Giannis Anestis,Botosani,gr GRE,GK,34,21,21,"1,890",21,0,0,0,0,0,0,2,0,0,0,0,0,0
Michael Pavlovič,Botosani,si SVN,DF,23,23,21,"1,889",21,1,1,2,1,0,0,2,0,0,0,0,0,0
Marian Chică-Roșă,Botosani,ro ROU,FW,26,27,21,"1,667",18,6,2,8,6,0,0,8,0,0,0,0,0,0
Hervin Ongenda,Botosani,fr FRA,"MF,FW",29,22,20,"1,624",18,1,2,3,1,0,0,4,0,0,0,0,0,0
Stefan Bodisteanu,Botosani,md MDA,"MF,FW",22,29,20,"1,551",17,2,4,6,2,0,0,4,0,0,0,0,0,0
Patricio Matricardi,Botosani,ar ARG,DF,31,23,19,"1,709",19,0,0,0,0,0,0,4,0,0,0,0,0,0
Rijad Sadiku,Botosani,ba BIH,DF,25,21,18,"1,520",16,1,0,1,1,0,0,3,1,0,0,0,0,0
Eduard Florescu,Botosani,ro ROU,MF,27,20,15,"1,300",14,1,1,2,0,1,1,2,0,0,0,0,0,0
Alexandru Țigănașu,Botosani,ro ROU,"DF,MF",34,15,13,"1,166",13,0,0,0,0,0,0,2,0,0,0,0,0,0
Enzo López,Botosani,ar ARG,FW,27,24,10,"1,120",12,4,0,4,4,0,0,0,0,0,0,0,0,0
Zoran Mitrov,Botosani,ro ROU,MF,23,24,10,"1,036",11,6,2,8,6,0,0,6,0,0,0,0,0,0
Enriko Papa,Botosani,al ALB,MF,32,11,10,698,7,1,0,1,1,0,0,4,0,0,0,0,0,0
Francisco Júnior,Botosani,gw GNB,MF,33,11,9,720,8,0,1,1,0,0,0,2,0,0,0,0,0,0
David Gabriel,Botosani,ro ROU,"MF,DF",22,15,9,715,7,0,1,1,0,0,0,2,0,0,0,0,0,0
George Cîmpanu,Botosani,ro ROU,MF,24,11,9,687,7,0,0,0,0,0,0,1,0,0,0,0,0,0
Charles Petro,Botosani,mw MWI,"MF,DF",24,16,8,798,8,0,0,0,0,0,0,0,0,0,0,0,0,0
Eduard Pap,Botosani,ro ROU,GK,30,7,7,630,7,0,0,0,0,0,0,3,0,0,0,0,0,0
ALex Salomón,Botosani,es ESP,"MF,DF",29,14,6,672,7,1,0,1,1,0,0,3,0,0,0,0,0,0
Alin Șeroni,Botosani,ro ROU,DF,38,12,6,525,5,1,0,1,1,0,0,5,1,0,0,0,0,0
Lóránd Fülöp,Botosani,ro ROU,"FW,MF",27,15,5,504,5,1,0,1,1,0,0,1,0,0,0,0,0,0
Paul Iacob,Botosani,ro ROU,DF,28,5,4,377,4,0,0,0,0,0,0,0,0,0,0,0,0,0
Luka Kukic,Botosani,ba BIH,GK,28,4,4,360,4,0,0,0,0,0,0,1,0,0,0,0,0,0
Jaly Mouaddib,Botosani,fr FRA,MF,24,23,3,630,7,1,3,4,1,0,0,4,0,0,0,0,0,0
Juan Cruz Kaprof,Botosani,ar ARG,MF,30,10,3,318,3,0,1,1,0,0,0,2,0,0,0,0,0,0
Robert Filip,Botosani,ro ROU,MF,23,6,2,289,3,0,0,0,0,0,0,1,0,0,0,0,0,0
Sebastian Mailat,Botosani,ro ROU,MF,27,2,2,143,1,1,0,1,1,0,0,1,0,0,0,0,0,0
Daniel Celea,Botosani,ro ROU,DF,29,5,1,202,2,0,0,0,0,0,0,1,0,0,0,0,0,0
Stefan Panoiu,Botosani,ro ROU,MF,22,5,1,201,2,0,0,0,0,0,0,0,0,0,0,0,0,0
Chapi Romano,Botosani,ar ARG,MF,26,3,1,118,1,0,0,0,0,0,0,0,0,0,0,0,0,0
Romario Benzar,Botosani,ro ROU,"DF,MF",33,4,0,32,0,0,0,0,0,0,0,0,0,0,0,0,0,0
Denis Șerban,Botosani,ro ROU,FW,18,1,0,2,0,0,0,0,0,0,0,0,0,0,0,0,0,0
Alin Ciobanu,Botosani,ro ROU,GK,17,0,0,,0,0,0,0,0,0,0,0,0,0,0,0,0,0
Narcis Ilaș,Botosani,ro ROU,DF,18,0,0,,0,0,0,0,0,0,0,0,0,0,0,0,0,0
Christ Nkama Afalna,Unirea-Slobozia,cm CMR,"MF,FW",26,31,29,"2,488",27,1,1,2,1,0,0,6,0,0,0,0,0,0
Denis Rusu,Unirea-Slobozia,md MDA,GK,34,27,27,"2,430",27,0,0,0,0,0,0,1,0,0,0,0,0,0
Marius Paul Antoche,Unirea-Slobozia,ro ROU,DF,32,26,26,"2,340",26,0,1,1,0,0,0,6,0,0,0,0,0,0
Ovidiu Perianu,Unirea-Slobozia,ro ROU,MF,22,27,25,"2,156",24,2,1,3,2,0,0,2,0,0,0,0,0,0
Florin Purece,Unirea-Slobozia,ro ROU,MF,33,29,24,"1,668",18,2,5,7,1,1,1,3,0,0,0,0,0,0
Dmytro Pospielov,Unirea-Slobozia,ua UKR,DF,33,23,23,"2,070",23,6,1,7,4,2,2,5,0,0,0,0,0,0
Ionuţ Coadă,Unirea-Slobozia,ro ROU,MF,27,26,21,"1,795",19,1,0,1,1,0,0,5,0,0,0,0,0,0
Jordan Gele,Unirea-Slobozia,fr FRA,FW,32,24,20,"1,757",19,5,3,8,5,0,0,4,1,0,0,0,0,0
Adnan Aganović,Unirea-Slobozia,hr CRO,MF,37,27,20,"1,533",17,0,1,1,0,0,0,3,0,0,0,0,0,0
Daniel Şerbănică,Unirea-Slobozia,ro ROU,DF,28,23,17,"1,555",17,2,1,3,2,0,0,0,0,0,0,0,0,0
Paolo Medina,Unirea-Slobozia,mx MEX,DF,25,19,15,"1,399",15,0,0,0,0,0,0,4,0,0,0,0,0,0
Constantin Toma,Unirea-Slobozia,ro ROU,DF,38,21,14,"1,228",13,1,1,2,1,0,2,5,0,0,0,0,0,0
Andrei Cristian Dorobanțu,Unirea-Slobozia,ro ROU,DF,20,16,12,"1,093",12,1,0,1,1,0,0,1,0,0,0,0,0,0
Sékou Camara,Unirea-Slobozia,gn GUI,"MF,FW",27,20,9,915,10,0,2,2,0,0,0,3,0,0,0,0,0,0
Alexandru Ionuț Dinu,Unirea-Slobozia,ro ROU,DF,26,15,9,895,9,1,0,1,1,0,0,3,1,0,0,0,0,0
Ariel López,Unirea-Slobozia,uy URU,MF,29,8,8,711,7,0,0,0,0,0,0,3,0,0,0,0,0,0
Dmytro Yusov,Unirea-Slobozia,ua UKR,"FW,MF",31,17,7,724,8,1,0,1,1,0,0,0,0,0,0,0,0,0
Florinel Valentin Ibrian,Unirea-Slobozia,ro ROU,DF,31,9,7,651,7,3,0,3,3,0,0,1,0,0,0,0,0,0
Laurențiu Vlăsceanu,Unirea-Slobozia,ro ROU,MF,19,17,6,628,7,1,1,2,1,0,0,1,0,0,0,0,0,0
Filip Blažek,Unirea-Slobozia,sk SVK,DF,27,7,6,534,5,1,0,1,1,0,0,0,0,0,0,0,0,0
Stefan Cristinel Pacionel,Unirea-Slobozia,ro ROU,MF,26,13,5,527,5,0,0,0,0,0,0,3,0,0,0,0,0,0
Marius Lupu,Unirea-Slobozia,ro ROU,MF,25,11,5,520,5,0,1,1,0,0,0,1,0,0,0,0,0,0
Stefan Krell,Unirea-Slobozia,at AUT,GK,32,5,5,450,5,0,0,0,0,0,0,0,0,0,0,0,0,0
Cristian Bărbuț,Unirea-Slobozia,ro ROU,MF,29,11,4,399,4,0,1,1,0,0,0,1,0,0,0,0,0,0
Rassambek Akhmatov,Unirea-Slobozia,fr FRA,MF,28,5,3,346,3,0,0,0,0,0,0,3,1,0,0,0,0,0
Petru Neagu,Unirea-Slobozia,md MDA,MF,25,7,2,261,2,0,0,0,0,0,0,0,0,0,0,0,0,0
Filip Ilie,Unirea-Slobozia,ro ROU,FW,22,19,1,286,3,1,0,1,1,0,0,0,0,0,0,0,0,0
Jakub Vojtuš,Unirea-Slobozia,sk SVK,FW,31,4,1,190,2,0,0,0,0,0,0,0,0,0,0,0,0,0
Gabriel Lazăr,Unirea-Slobozia,ro ROU,DF,33,2,1,80,0,0,0,0,0,0,0,1,0,0,0,0,0,0
Ștefan Georgescu,Unirea-Slobozia,ro ROU,GK,23,0,0,,0,0,0,0,0,0,0,0,0,0,0,0,0,0
Mihaita Lemnaru,Unirea-Slobozia,ro ROU,MF,24,0,0,,0,0,0,0,0,0,0,0,0,0,0,0,0,0
Alessandro Ciranni,SCM-Gloria-Buzau,be BEL,DF,28,22,22,"1,980",22,0,2,2,0,0,0,2,0,0,0,0,0,0
Constantin Albu,SCM-Gloria-Buzau,ro ROU,MF,24,22,22,"1,787",19,0,0,0,0,0,0,5,0,0,0,0,0,0
David Tavares,SCM-Gloria-Buzau,cv CPV,MF,26,25,20,"1,862",20,1,2,3,1,0,0,5,0,0,0,0,0,0
Grigore Ioan Turda,SCM-Gloria-Buzau,ro ROU,DF,27,26,18,"1,665",18,0,0,0,0,0,0,4,0,0,0,0,0,0
Diego Ferraresso,SCM-Gloria-Buzau,br BRA,DF,32,22,18,"1,653",18,0,0,0,0,0,0,3,0,0,0,0,0,0
David Lazar,SCM-Gloria-Buzau,ro ROU,GK,33,18,18,"1,620",18,0,0,0,0,0,0,1,0,0,0,0,0,0
Mike Cestor,SCM-Gloria-Buzau,,DF,32,19,18,"1,471",16,1,1,2,1,0,0,4,0,0,0,0,0,0
Alexandru Ișfan,SCM-Gloria-Buzau,ro ROU,"MF,FW",25,24,18,"1,440",16,2,1,3,2,0,0,2,0,0,0,0,0,0
Constantin Budescu,SCM-Gloria-Buzau,ro ROU,"MF,FW",36,23,17,"1,539",17,5,1,6,3,2,2,3,0,0,0,0,0,0
Ricardo Matos,SCM-Gloria-Buzau,pt POR,FW,25,22,15,"1,399",15,6,0,6,5,1,1,3,0,0,0,0,0,0
Alexandru Jipa,SCM-Gloria-Buzau,ro ROU,"MF,FW",23,20,14,"1,025",11,3,2,5,3,0,0,1,0,0,0,0,0,0
Denis Dumitrașcu,SCM-Gloria-Buzau,ro ROU,"DF,MF",29,18,13,"1,183",13,0,1,1,0,0,0,3,0,0,0,0,0,0
Ion Gheorghe,SCM-Gloria-Buzau,ro ROU,"MF,FW",25,19,13,982,10,0,2,2,0,0,0,0,0,0,0,0,0,0
Rassambek Akhmatov,SCM-Gloria-Buzau,fr FRA,MF,28,16,12,"1,064",11,0,0,0,0,0,0,2,0,0,0,0,0,0
Israel Puerto,SCM-Gloria-Buzau,es ESP,DF,31,13,11,"1,101",12,0,0,0,0,0,0,4,0,0,0,0,0,0
Alin Dobrosavlevici,SCM-Gloria-Buzau,ro ROU,"DF,MF",30,15,10,985,10,1,0,1,1,0,0,4,0,0,0,0,0,0
Alexandru Greab,SCM-Gloria-Buzau,ro ROU,GK,32,10,10,900,10,0,0,0,0,0,0,0,0,0,0,0,0,0
Dario Čanađija,SCM-Gloria-Buzau,hr CRO,MF,30,15,10,892,9,1,0,1,1,0,0,7,0,0,0,0,0,0
Luca Mihai,SCM-Gloria-Buzau,ro ROU,"MF,FW",21,11,9,768,8,0,0,0,0,0,0,1,0,0,0,0,0,0
Dragan Lovric,SCM-Gloria-Buzau,hr CRO,DF,29,9,8,720,8,0,0,0,0,0,0,3,0,0,0,0,0,0
Kevin Luckassen,SCM-Gloria-Buzau,nl NED,FW,31,7,7,600,6,3,0,3,3,0,0,3,0,0,0,0,0,0
Bradley de Nooijer,SCM-Gloria-Buzau,nl NED,DF,27,8,6,533,5,0,1,1,0,0,0,1,0,0,0,0,0,0
Robert Sălceanu,SCM-Gloria-Buzau,ro ROU,DF,21,6,6,495,5,0,0,0,0,0,0,2,0,0,0,0,0,0
Dragoș Tescan,SCM-Gloria-Buzau,ro ROU,"MF,FW",25,10,5,410,4,1,1,2,1,0,0,1,0,0,0,0,0,0
Dorian Railean,SCM-Gloria-Buzau,md MDA,GK,31,4,4,360,4,0,0,0,0,0,0,1,0,0,0,0,0,0
Vlad Prejmerean,SCM-Gloria-Buzau,ro ROU,MF,27,4,4,278,3,0,1,1,0,0,0,1,0,0,0,0,0,0
Tudor Călin,SCM-Gloria-Buzau,ro ROU,MF,24,6,4,272,3,0,0,0,0,0,0,1,0,0,0,0,0,0
Cristian Dumitru,SCM-Gloria-Buzau,ro ROU,MF,23,8,3,328,3,0,0,0,0,0,0,1,0,0,0,0,0,0
Sergiu Pîrvulescu,SCM-Gloria-Buzau,ro ROU,MF,21,14,2,471,5,0,2,2,0,0,0,1,0,0,0,0,0,0
Vitó Ferreira,SCM-Gloria-Buzau,pt POR,MF,27,9,2,318,3,0,0,0,0,0,0,1,0,0,0,0,0,0
Aleksejs Saveljevs,SCM-Gloria-Buzau,lv LVA,MF,26,6,2,206,2,0,1,1,0,0,0,0,0,0,0,0,0,0
Daniel Benzar,SCM-Gloria-Buzau,ro ROU,MF,27,4,2,154,1,0,1,1,0,0,0,0,0,0,0,0,0,0
Dragoș Grigore,SCM-Gloria-Buzau,ro ROU,DF,38,2,2,95,1,0,0,0,0,0,0,0,0,0,0,0,0,0
Alexandru Stan,SCM-Gloria-Buzau,ro ROU,FW,36,11,1,353,3,1,0,1,1,0,0,1,0,0,0,0,0,0
Cristian Benavente,SCM-Gloria-Buzau,pe PER,MF,30,6,1,232,2,0,0,0,0,0,0,1,0,0,0,0,0,0
Moha Keita,SCM-Gloria-Buzau,sn SEN,MF,25,4,1,181,2,0,0,0,0,0,0,1,0,0,0,0,0,0
Cheick Traoré,SCM-Gloria-Buzau,ml MLI,MF,30,4,1,131,1,0,0,0,0,0,0,1,0,0,0,0,0,0
Darius Grosu,SCM-Gloria-Buzau,ro ROU,MF,22,1,1,61,0,0,0,0,0,0,0,0,0,0,0,0,0,0
Alexandru Dandea,SCM-Gloria-Buzau,ro ROU,DF,37,2,1,46,0,0,0,0,0,0,0,1,0,0,0,0,0,0
Cosmin Gladun,SCM-Gloria-Buzau,ro ROU,DF,23,1,1,45,0,0,0,0,0,0,0,0,0,0,0,0,0,0
Andreas Mihaiu,SCM-Gloria-Buzau,ro ROU,FW,26,2,0,40,0,0,0,0,0,0,0,0,0,0,0,0,0,0
James Lea Siliki,SCM-Gloria-Buzau,cm CMR,"FW,MF",28,2,0,35,0,0,0,0,0,0,0,1,0,0,0,0,0,0
Dragoș Horeboiu,SCM-Gloria-Buzau,ro ROU,GK,22,0,0,,0,0,0,0,0,0,0,0,0,0,0,0,0,0
